Workbook

Sheet Petunjuk
A1: FORMAT PENGOLAHAN DATA PRA-TINDAKAN PTK
A2: Peningkatan Kemampuan Berpikir Algoritmik melalui Problem Based Learning
A4: Satuan Pendidikan | B4: SMAN 15 Bandung | D4: Petunjuk Penggunaan
A5: Kelas / Fase | B5: X-5 / Fase E | D5: 1. | E5: Masukkan skor 1–4 untuk enam indikator pada sheet Data Diagnostik.
A6: Jumlah Peserta Didik | B6: 46 | D6: 2. | E6: Nilai, total skor, dan ketuntasan akan dihitung otomatis.
A7: KKTP | B7: 75 | D7: 3. | E7: Masukkan skor observasi K1–K5 pada sheet Observasi Kemandirian.
A8: Alokasi Waktu | B8: 2 JP (2 × 40 menit) | D8: 4. | E8: Rekap kelas, capaian indikator, dan grafik tersedia otomatis pada sheet Rekap & Dashboard.
A9: Materi | B9: Algoritma, Diagram Alir, dan Pseudocode | D9: 5. | E9: Biarkan sel kosong apabila peserta didik belum dinilai; jangan isi angka 0.
D10: 6. | E10: Gunakan hasil pra-tindakan sebagai dasar penyusunan tindakan Siklus I.
A12: Keterangan Indikator Kemampuan Berpikir Algoritmik
A13: Kode | B13: Indikator
A14: IPO | B14: Mengidentifikasi input, proses, dan output.
A15: ALG | B15: Menyusun langkah algoritma secara runtut dan logis.
A16: PER | B16: Menggunakan logika percabangan dengan tepat.
A17: FLW | B17: Merepresentasikan solusi dalam diagram alir (flowchart).
A18: PSD | B18: Merepresentasikan solusi dalam pseudocode.
A19: DBG | B19: Menguji, menemukan, dan memperbaiki kesalahan algoritma.

Sheet Data Diagnostik
A1: DATA PRA-TINDAKAN — ASESMEN DIAGNOSTIK
A2: Masukkan skor 1–4 pada kolom indikator. Kolom Total, Nilai, dan Ketuntasan dihitung otomatis.
A4: No. | B4: Kode Peserta Didik | C4: IPO | D4: Algoritma | E4: Percabangan | F4: Flowchart | G4: Pseudocode | H4: Debugging | I4: Total Skor | J4: Nilai | K4: Ketuntasan | L4: Catatan
A5: 1 | B5: X5-01 | C5: 1 | D5: 2 | E5: 1 | F5: 1 | G5: 1 | H5: 1 | I5: =IF(COUNTA(C5:H5)=0,"",SUM(C5:H5)) -> 7 | J5: =IF(I5="","",ROUND(I5/'Rekap & Dashboard'!$B$7*100,2)) -> 29.17 | K5: =IF(J5="","",IF(J5>='Rekap & Dashboard'!$B$6,"Tuntas","Belum Tuntas")) -> Belum Tuntas
A6: 2 | B6: X5-02 | C6: 1 | D6: 1 | E6: 1 | F6: 1 | G6: 1 | H6: 1 | I6: =IF(COUNTA(C6:H6)=0,"",SUM(C6:H6)) -> 6 | J6: =IF(I6="","",ROUND(I6/'Rekap & Dashboard'!$B$7*100,2)) -> 25 | K6: =IF(J6="","",IF(J6>='Rekap & Dashboard'!$B$6,"Tuntas","Belum Tuntas")) -> Belum Tuntas
A7: 3 | B7: X5-03 | C7: 2 | D7: 2 | E7: 2 | F7: 1 | G7: 1 | H7: 2 | I7: =IF(COUNTA(C7:H7)=0,"",SUM(C7:H7)) -> 10 | J7: =IF(I7="","",ROUND(I7/'Rekap & Dashboard'!$B$7*100,2)) -> 41.67 | K7: =IF(J7="","",IF(J7>='Rekap & Dashboard'!$B$6,"Tuntas","Belum Tuntas")) -> Belum Tuntas
A8: 4 | B8: X5-04 | C8: 2 | D8: 3 | E8: 2 | F8: 1 | G8: 1 | H8: 2 | I8: =IF(COUNTA(C8:H8)=0,"",SUM(C8:H8)) -> 11 | J8: =IF(I8="","",ROUND(I8/'Rekap & Dashboard'!$B$7*100,2)) -> 45.83 | K8: =IF(J8="","",IF(J8>='Rekap & Dashboard'!$B$6,"Tuntas","Belum Tuntas")) -> Belum Tuntas
A9: 5 | B9: X5-05 | C9: 2 | D9: 3 | E9: 2 | F9: 1 | G9: 1 | H9: 2 | I9: =IF(COUNTA(C9:H9)=0,"",SUM(C9:H9)) -> 11 | J9: =IF(I9="","",ROUND(I9/'Rekap & Dashboard'!$B$7*100,2)) -> 45.83 | K9: =IF(J9="","",IF(J9>='Rekap & Dashboard'!$B$6,"Tuntas","Belum Tuntas")) -> Belum Tuntas
A10: 6 | B10: X5-06 | C10: 1 | D10: 1 | E10: 1 | F10: 1 | G10: 1 | H10: 1 | I10: =IF(COUNTA(C10:H10)=0,"",SUM(C10:H10)) -> 6 | J10: =IF(I10="","",ROUND(I10/'Rekap & Dashboard'!$B$7*100,2)) -> 25 | K10: =IF(J10="","",IF(J10>='Rekap & Dashboard'!$B$6,"Tuntas","Belum Tuntas")) -> Belum Tuntas
A11: 7 | B11: X5-07 | C11: 1 | D11: 1 | E11: 1 | F11: 1 | G11: 1 | H11: 1 | I11: =IF(COUNTA(C11:H11)=0,"",SUM(C11:H11)) -> 6 | J11: =IF(I11="","",ROUND(I11/'Rekap & Dashboard'!$B$7*100,2)) -> 25 | K11: =IF(J11="","",IF(J11>='Rekap & Dashboard'!$B$6,"Tuntas","Belum Tuntas")) -> Belum Tuntas
A12: 8 | B12: X5-08 | C12: 2 | D12: 2 | E12: 2 | F12: 1 | G12: 1 | H12: 2 | I12: =IF(COUNTA(C12:H12)=0,"",SUM(C12:H12)) -> 10 | J12: =IF(I12="","",ROUND(I12/'Rekap & Dashboard'!$B$7*100,2)) -> 41.67 | K12: =IF(J12="","",IF(J12>='Rekap & Dashboard'!$B$6,"Tuntas","Belum Tuntas")) -> Belum Tuntas
A13: 9 | B13: X5-09 | C13: 2 | D13: 2 | E13: 2 | F13: 1 | G13: 1 | H13: 2 | I13: =IF(COUNTA(C13:H13)=0,"",SUM(C13:H13)) -> 10 | J13: =IF(I13="","",ROUND(I13/'Rekap & Dashboard'!$B$7*100,2)) -> 41.67 | K13: =IF(J13="","",IF(J13>='Rekap & Dashboard'!$B$6,"Tuntas","Belum Tuntas")) -> Belum Tuntas
A14: 10 | B14: X5-10 | C14: 2 | D14: 3 | E14: 2 | F14: 1 | G14: 1 | H14: 2 | I14: =IF(COUNTA(C14:H14)=0,"",SUM(C14:H14)) -> 11 | J14: =IF(I14="","",ROUND(I14/'Rekap & Dashboard'!$B$7*100,2)) -> 45.83 | K14: =IF(J14="","",IF(J14>='Rekap & Dashboard'!$B$6,"Tuntas","Belum Tuntas")) -> Belum Tuntas
A15: 11 | B15: X5-11 | C15: 2 | D15: 2 | E15: 1 | F15: 1 | G15: 1 | H15: 2 | I15: =IF(COUNTA(C15:H15)=0,"",SUM(C15:H15)) -> 9 | J15: =IF(I15="","",ROUND(I15/'Rekap & Dashboard'!$B$7*100,2)) -> 37.5 | K15: =IF(J15="","",IF(J15>='Rekap & Dashboard'!$B$6,"Tuntas","Belum Tuntas")) -> Belum Tuntas
A16: 12 | B16: X5-12 | C16: 2 | D16: 2 | E16: 1 | F16: 1 | G16: 1 | H16: 2 | I16: =IF(COUNTA(C16:H16)=0,"",SUM(C16:H16)) -> 9 | J16: =IF(I16="","",ROUND(I16/'Rekap & Dashboard'!$B$7*100,2)) -> 37.5 | K16: =IF(J16="","",IF(J16>='Rekap & Dashboard'!$B$6,"Tuntas","Belum Tuntas")) -> Belum Tuntas
... A50: 46 | B50: X5-46 | C50: 4 | D50: 4 | E50: 3 | F50: 2 | G50: 2 | H50: 3 | I50: =IF(COUNTA(C50:H50)=0,"",SUM(C50:H50)) -> 18 | J50: =IF(I50="","",ROUND(I50/'Rekap & Dashboard'!$B$7*100,2)) -> 75 | K50: =IF(J50="","",IF(J50>='Rekap & Dashboard'!$B$6,"Tuntas","Belum Tuntas")) -> Tuntas

Sheet Observasi Kemandirian
A1: LEMBAR PENGOLAHAN OBSERVASI KEMANDIRIAN
A2: Skor: 4 = sangat mandiri, 3 = mandiri, 2 = kurang mandiri, 1 = belum mandiri. | M2: Kode | N2: Indikator Kemandirian
M3: K1 | N3: Memulai mengerjakan tanpa menunggu contoh guru.
A4: No. | B4: Kode Peserta Didik | C4: K1 | D4: K2 | E4: K3 | F4: K4 | G4: K5 | H4: Total | I4: Rata-rata | J4: Kategori | K4: Catatan Observer | M4: K2 | N4: Berusaha memahami masalah secara mandiri.
A5: 1 | B5: X5-01 | C5: 3 | D5: 2 | E5: 1 | F5: 2 | G5: 2 | H5: =IF(COUNTA(C5:G5)=0,"",SUM(C5:G5)) -> 10 | I5: =IF(H5="","",ROUND(H5/5,2)) -> 2 | J5: =IF(I5="","",IF(I5>=3.26,"Sangat Mandiri",IF(I5>=2.51,"Mandiri",IF(I5>=1.76,"Kurang Mandiri","Belum Mandiri")))) -> Kurang Mandiri | M5: K3 | N5: Mencoba menyusun solusi sendiri sebelum meminta bantuan.
A6: 2 | B6: X5-02 | C6: 3 | D6: 1 | E6: 1 | F6: 2 | G6: 3 | H6: =IF(COUNTA(C6:G6)=0,"",SUM(C6:G6)) -> 10 | I6: =IF(H6="","",ROUND(H6/5,2)) -> 2 | J6: =IF(I6="","",IF(I6>=3.26,"Sangat Mandiri",IF(I6>=2.51,"Mandiri",IF(I6>=1.76,"Kurang Mandiri","Belum Mandiri")))) -> Kurang Mandiri | M6: K4 | N6: Memeriksa kembali solusi yang dibuat.
A7: 3 | B7: X5-03 | C7: 3 | D7: 2 | E7: 1 | F7: 2 | G7: 2 | H7: =IF(COUNTA(C7:G7)=0,"",SUM(C7:G7)) -> 10 | I7: =IF(H7="","",ROUND(H7/5,2)) -> 2 | J7: =IF(I7="","",IF(I7>=3.26,"Sangat Mandiri",IF(I7>=2.51,"Mandiri",IF(I7>=1.76,"Kurang Mandiri","Belum Mandiri")))) -> Kurang Mandiri | M7: K5 | N7: Memperbaiki solusi ketika menemukan kesalahan.
A8: 4 | B8: X5-04 | C8: 3 | D8: 2 | E8: 1 | F8: 3 | G8: 3 | H8: =IF(COUNTA(C8:G8)=0,"",SUM(C8:G8)) -> 12 | I8: =IF(H8="","",ROUND(H8/5,2)) -> 2.4 | J8: =IF(I8="","",IF(I8>=3.26,"Sangat Mandiri",IF(I8>=2.51,"Mandiri",IF(I8>=1.76,"Kurang Mandiri","Belum Mandiri")))) -> Kurang Mandiri
A9: 5 | B9: X5-05 | C9: 3 | D9: 2 | E9: 1 | F9: 2 | G9: 2 | H9: =IF(COUNTA(C9:G9)=0,"",SUM(C9:G9)) -> 10 | I9: =IF(H9="","",ROUND(H9/5,2)) -> 2 | J9: =IF(I9="","",IF(I9>=3.26,"Sangat Mandiri",IF(I9>=2.51,"Mandiri",IF(I9>=1.76,"Kurang Mandiri","Belum Mandiri")))) -> Kurang Mandiri
A10: 6 | B10: X5-06 | C10: 3 | D10: 1 | E10: 1 | F10: 2 | G10: 2 | H10: =IF(COUNTA(C10:G10)=0,"",SUM(C10:G10)) -> 9 | I10: =IF(H10="","",ROUND(H10/5,2)) -> 1.8 | J10: =IF(I10="","",IF(I10>=3.26,"Sangat Mandiri",IF(I10>=2.51,"Mandiri",IF(I10>=1.76,"Kurang Mandiri","Belum Mandiri")))) -> Kurang Mandiri
A11: 7 | B11: X5-07 | C11: 3 | D11: 1 | E11: 1 | F11: 3 | G11: 2 | H11: =IF(COUNTA(C11:G11)=0,"",SUM(C11:G11)) -> 10 | I11: =IF(H11="","",ROUND(H11/5,2)) -> 2 | J11: =IF(I11="","",IF(I11>=3.26,"Sangat Mandiri",IF(I11>=2.51,"Mandiri",IF(I11>=1.76,"Kurang Mandiri","Belum Mandiri")))) -> Kurang Mandiri | M11: 21,25,32,42,46
A12: 8 | B12: X5-08 | C12: 3 | D12: 2 | E12: 1 | F12: 2 | G12: 3 | H12: =IF(COUNTA(C12:G12)=0,"",SUM(C12:G12)) -> 11 | I12: =IF(H12="","",ROUND(H12/5,2)) -> 2.2 | J12: =IF(I12="","",IF(I12>=3.26,"Sangat Mandiri",IF(I12>=2.51,"Mandiri",IF(I12>=1.76,"Kurang Mandiri","Belum Mandiri")))) -> Kurang Mandiri
A13: 9 | B13: X5-09 | C13: 3 | D13: 2 | E13: 1 | F13: 2 | G13: 2 | H13: =IF(COUNTA(C13:G13)=0,"",SUM(C13:G13)) -> 10 | I13: =IF(H13="","",ROUND(H13/5,2)) -> 2 | J13: =IF(I13="","",IF(I13>=3.26,"Sangat Mandiri",IF(I13>=2.51,"Mandiri",IF(I13>=1.76,"Kurang Mandiri","Belum Mandiri")))) -> Kurang Mandiri | M13: 2,6,7,17,18,26,27,37,38,44
A14: 10 | B14: X5-10 | C14: 3 | D14: 2 | E14: 1 | F14: 3 | G14: 2 | H14: =IF(COUNTA(C14:G14)=0,"",SUM(C14:G14)) -> 11 | I14: =IF(H14="","",ROUND(H14/5,2)) -> 2.2 | J14: =IF(I14="","",IF(I14>=3.26,"Sangat Mandiri",IF(I14>=2.51,"Mandiri",IF(I14>=1.76,"Kurang Mandiri","Belum Mandiri")))) -> Kurang Mandiri
A15: 11 | B15: X5-11 | C15: 3 | D15: 2 | E15: 1 | F15: 2 | G15: 2 | H15: =IF(COUNTA(C15:G15)=0,"",SUM(C15:G15)) -> 10 | I15: =IF(H15="","",ROUND(H15/5,2)) -> 2 | J15: =IF(I15="","",IF(I15>=3.26,"Sangat Mandiri",IF(I15>=2.51,"Mandiri",IF(I15>=1.76,"Kurang Mandiri","Belum Mandiri")))) -> Kurang Mandiri
A16: 12 | B16: X5-12 | C16: 3 | D16: 2 | E16: 1 | F16: 2 | G16: 3 | H16: =IF(COUNTA(C16:G16)=0,"",SUM(C16:G16)) -> 11 | I16: =IF(H16="","",ROUND(H16/5,2)) -> 2.2 | J16: =IF(I16="","",IF(I16>=3.26,"Sangat Mandiri",IF(I16>=2.51,"Mandiri",IF(I16>=1.76,"Kurang Mandiri","Belum Mandiri")))) -> Kurang Mandiri
A17: 13 | B17: X5-13 | C17: 3 | D17: 2 | E17: 1 | F17: 3 | G17: 3 | H17: =IF(COUNTA(C17:G17)=0,"",SUM(C17:G17)) -> 12 | I17: =IF(H17="","",ROUND(H17/5,2)) -> 2.4 | J17: =IF(I17="","",IF(I17>=3.26,"Sangat Mandiri",IF(I17>=2.51,"Mandiri",IF(I17>=1.76,"Kurang Mandiri","Belum Mandiri")))) -> Kurang Mandiri
A18: 14 | B18: X5-14 | C18: 3 | D18: 2 | E18: 1 | F18: 2 | G18: 2 | H18: =IF(COUNTA(C18:G18)=0,"",SUM(C18:G18)) -> 10 | I18: =IF(H18="","",ROUND(H18/5,2)) -> 2 | J18: =IF(I18="","",IF(I18>=3.26,"Sangat Mandiri",IF(I18>=2.51,"Mandiri",IF(I18>=1.76,"Kurang Mandiri","Belum Mandiri")))) -> Kurang Mandiri
A19: 15 | B19: X5-15 | C19: 3 | D19: 2 | E19: 1 | F19: 3 | G19: 3 | H19: =IF(COUNTA(C19:G19)=0,"",SUM(C19:G19)) -> 12 | I19: =IF(H19="","",ROUND(H19/5,2)) -> 2.4 | J19: =IF(I19="","",IF(I19>=3.26,"Sangat Mandiri",IF(I19>=2.51,"Mandiri",IF(I19>=1.76,"Kurang Mandiri","Belum Mandiri")))) -> Kurang Mandiri
A20: 16 | B20: X5-16 | C20: 3 | D20: 2 | E20: 1 | F20: 2 | G20: 2 | H20: =IF(COUNTA(C20:G20)=0,"",SUM(C20:G20)) -> 10 | I20: =IF(H20="","",ROUND(H20/5,2)) -> 2 | J20: =IF(I20="","",IF(I20>=3.26,"Sangat Mandiri",IF(I20>=2.51,"Mandiri",IF(I20>=1.76,"Kurang Mandiri","Belum Mandiri")))) -> Kurang Mandiri
A21: 17 | B21: X5-17 | C21: 3 | D21: 1 | E21: 1 | F21: 2 | G21: 2 | H21: =IF(COUNTA(C21:G21)=0,"",SUM(C21:G21)) -> 9 | I21: =IF(H21="","",ROUND(H21/5,2)) -> 1.8 | J21: =IF(I21="","",IF(I21>=3.26,"Sangat Mandiri",IF(I21>=2.51,"Mandiri",IF(I21>=1.76,"Kurang Mandiri","Belum Mandiri")))) -> Kurang Mandiri
A22: 18 | B22: X5-18 | C22: 3 | D22: 1 | E22: 1 | F22: 2 | G22: 2 | H22: =IF(COUNTA(C22:G22)=0,"",SUM(C22:G22)) -> 9 | I22: =IF(H22="","",ROUND(H22/5,2)) -> 1.8 | J22: =IF(I22="","",IF(I22>=3.26,"Sangat Mandiri",IF(I22>=2.51,"Mandiri",IF(I22>=1.76,"Kurang Mandiri","Belum Mandiri")))) -> Kurang Mandiri
A23: 19 | B23: X5-19 | C23: 3 | D23: 2 | E23: 1 | F23: 2 | G23: 2 | H23: =IF(COUNTA(C23:G23)=0,"",SUM(C23:G23)) -> 10 | I23: =IF(H23="","",ROUND(H23/5,2)) -> 2 | J23: =IF(I23="","",IF(I23>=3.26,"Sangat Mandiri",IF(I23>=2.51,"Mandiri",IF(I23>=1.76,"Kurang Mandiri","Belum Mandiri")))) -> Kurang Mandiri
A24: 20 | B24: X5-20 | C24: 3 | D24: 2 | E24: 1 | F24: 2 | G24: 2 | H24: =IF(COUNTA(C24:G24)=0,"",SUM(C24:G24)) -> 10 | I24: =IF(H24="","",ROUND(H24/5,2)) -> 2 | J24: =IF(I24="","",IF(I24>=3.26,"Sangat Mandiri",IF(I24>=2.51,"Mandiri",IF(I24>=1.76,"Kurang Mandiri","Belum Mandiri")))) -> Kurang Mandiri
A25: 21 | B25: X5-21 | C25: 3 | D25: 3 | E25: 3 | F25: 3 | G25: 3 | H25: =IF(COUNTA(C25:G25)=0,"",SUM(C25:G25)) -> 15 | I25: =IF(H25="","",ROUND(H25/5,2)) -> 3 | J25: =IF(I25="","",IF(I25>=3.26,"Sangat Mandiri",IF(I25>=2.51,"Mandiri",IF(I25>=1.76,"Kurang Mandiri","Belum Mandiri")))) -> Mandiri
... A50: 46 | B50: X5-46 | C50: 3 | D50: 3 | E50: 3 | F50: 3 | G50: 3 | H50: =IF(COUNTA(C50:G50)=0,"",SUM(C50:G50)) -> 15 | I50: =IF(H50="","",ROUND(H50/5,2)) -> 3 | J50: =IF(I50="","",IF(I50>=3.26,"Sangat Mandiri",IF(I50>=2.51,"Mandiri",IF(I50>=1.76,"Kurang Mandiri","Belum Mandiri")))) -> Mandiri

Sheet Rekap & Dashboard
A1: REKAPITULASI & DASHBOARD DATA PRA-TINDAKAN
A3: Parameter | B3: Nilai | D3: Ringkasan Diagnostik | E3: Hasil
A4: Jumlah Peserta Didik | B4: 46 | D4: Peserta Didik Dinilai | E4: =COUNT('Data Diagnostik'!J5:J50) -> 46
A5: Fase / Kelas | B5: E / X-5 | D5: Rata-rata Kelas | E5: =IFERROR(ROUND(AVERAGE('Data Diagnostik'!J5:J50),2),"") -> 39.86
A6: KKTP | B6: 75 | D6: Tuntas | E6: =COUNTIF('Data Diagnostik'!K5:K50,"Tuntas") -> 5
A7: Skor Maksimum Diagnostik | B7: 24 | D7: Belum Tuntas | E7: =COUNTIF('Data Diagnostik'!K5:K50,"Belum Tuntas") -> 41
D8: Persentase Ketuntasan | E8: =IF(E4=0,"",E6/E4) -> 0.10869565
A10: Indikator | B10: Rata-rata Skor (1–4) | C10: Capaian (%) | D10: Interpretasi | F10: Ringkasan Kemandirian | G10: Nilai | H10: Keterangan
A11: IPO | B11: =IFERROR(ROUND(AVERAGE('Data Diagnostik'!C5:C50),2),"") -> 1.85 | C11: =IF(B11="","",B11/4) -> 0.4625 | D11: =IF(B11="","",IF(B11>=3.26,"Sangat Baik",IF(B11>=2.51,"Baik",IF(B11>=1.76,"Cukup","Perlu Bimbingan")))) -> Cukup | F11: Peserta Didik Diobservasi | G11: =COUNT('Observasi Kemandirian'!I5:I50) -> 46 | H11: Jumlah data
A12: Algoritma | B12: =IFERROR(ROUND(AVERAGE('Data Diagnostik'!D5:D50),2),"") -> 2.15 | C12: =IF(B12="","",B12/4) -> 0.5375 | D12: =IF(B12="","",IF(B12>=3.26,"Sangat Baik",IF(B12>=2.51,"Baik",IF(B12>=1.76,"Cukup","Perlu Bimbingan")))) -> Cukup | F12: Rata-rata Kemandirian | G12: =IFERROR(ROUND(AVERAGE('Observasi Kemandirian'!I5:I50),2),"") -> 2.14 | H12: Skala 1–4
A13: Percabangan | B13: =IFERROR(ROUND(AVERAGE('Data Diagnostik'!E5:E50),2),"") -> 1.63 | C13: =IF(B13="","",B13/4) -> 0.4075 | D13: =IF(B13="","",IF(B13>=3.26,"Sangat Baik",IF(B13>=2.51,"Baik",IF(B13>=1.76,"Cukup","Perlu Bimbingan")))) -> Perlu Bimbingan | F13: Sangat Mandiri | G13: =COUNTIF('Observasi Kemandirian'!J5:J50,"Sangat Mandiri") -> 0 | H13: =IF(G11=0,"",G13/G11) -> 0
A14: Flowchart | B14: =IFERROR(ROUND(AVERAGE('Data Diagnostik'!F5:F50),2),"") -> 1.13 | C14: =IF(B14="","",B14/4) -> 0.2825 | D14: =IF(B14="","",IF(B14>=3.26,"Sangat Baik",IF(B14>=2.51,"Baik",IF(B14>=1.76,"Cukup","Perlu Bimbingan")))) -> Perlu Bimbingan | F14: Mandiri | G14: =COUNTIF('Observasi Kemandirian'!J5:J50,"Mandiri") -> 4 | H14: =IF(G11=0,"",G14/G11) -> 0.086956522
A15: Pseudocode | B15: =IFERROR(ROUND(AVERAGE('Data Diagnostik'!G5:G50),2),"") -> 1.11 | C15: =IF(B15="","",B15/4) -> 0.2775 | D15: =IF(B15="","",IF(B15>=3.26,"Sangat Baik",IF(B15>=2.51,"Baik",IF(B15>=1.76,"Cukup","Perlu Bimbingan")))) -> Perlu Bimbingan | F15: Kurang Mandiri | G15: =COUNTIF('Observasi Kemandirian'!J5:J50,"Kurang Mandiri") -> 42 | H15: =IF(G11=0,"",G15/G11) -> 0.91304348
A16: Debugging | B16: =IFERROR(ROUND(AVERAGE('Data Diagnostik'!H5:H50),2),"") -> 1.7 | C16: =IF(B16="","",B16/4) -> 0.425 | D16: =IF(B16="","",IF(B16>=3.26,"Sangat Baik",IF(B16>=2.51,"Baik",IF(B16>=1.76,"Cukup","Perlu Bimbingan")))) -> Perlu Bimbingan | F16: Belum Mandiri | G16: =COUNTIF('Observasi Kemandirian'!J5:J50,"Belum Mandiri") -> 0 | H16: =IF(G11=0,"",G16/G11) -> 0
J18: Status | K18: Jumlah
J19: Tuntas | K19: =E6 -> 5
J20: Belum Tuntas | K20: =E7 -> 41
A22: Kerangka Narasi Analisis Pra-Tindakan | J22: Tuntas
A23: Setelah data diisi, gunakan ringkasan pada dashboard untuk menyusun narasi: (1) jumlah peserta didik yang mengikuti asesmen; (2) nilai rata-rata kelas; (3) jumlah dan persentase ketuntasan berdasarkan KKTP 75; (4) indikator kemampuan berpikir algoritmik yang paling kuat dan paling lemah; (5) tingkat kemandirian peserta didik; serta (6) implikasi temuan tersebut terhadap rancangan tindakan Problem Based Learning pada Siklus I. | J23: Belum Tuntas
