Workbook

Sheet SKL
A2: SILABUS PEMBELAJARAN
B4: Satuan Pendidikan | C4: MA Nurul Hidayah Padalarang
B5: Mata Pelajaran | C5: =PROPER(#REF!) -> #REF!
B6: Kelas/Semester | C6: =#REF!&" / "&#REF! -> #REF!
A8: KOMPETENSI INTI
A9: 1
A10: 2
A11: 3
A12: 4
A14: KOMPETENSI DASAR | C14: INDIKATOR | D14: TUJUAN PEMBELAJARAN | E14: MATERI POKOK | F14: MATERI PEMBELAJARAN | J14: ALOKASI WAKTU | K14: SUMBER BELAJAR
C15: =IF($B15="","","-") | D15: =IF($B15="","","-") | E15: =IF($B15="","","-") | F15: =IF($B15="","","-") | G15: =IF($B15="","","-") | H15: =IF($B15="","","-") | I15: =IF($B15="","","-") | J15: =IF($B15="","","-") | K15: =IF($B15="","","-")
C17: =IF($B17="","","-") | D17: =IF($B17="","","-") | E17: =IF($B17="","","-") | F17: =IF($B17="","","-") | G17: =IF($B17="","","-") | H17: =IF($B17="","","-") | I17: =IF($B17="","","-") | J17: =IF($B17="","","-") | K17: =IF($B17="","","-")
C19: =IF($B19="","","-") | D19: =IF($B19="","","-") | E19: =IF($B19="","","-") | F19: =IF($B19="","","-") | G19: =IF($B19="","","-") | H19: =IF($B19="","","-") | I19: =IF($B19="","","-") | J19: =IF($B19="","","-") | K19: =IF($B19="","","-")
C21: =IF($B21="","","-") | D21: =IF($B21="","","-") | E21: =IF($B21="","","-") | F21: =IF($B21="","","-") | G21: =IF($B21="","","-") | H21: =IF($B21="","","-") | I21: =IF($B21="","","-") | J21: =IF($B21="","","-") | K21: =IF($B21="","","-")
A23: KOMPETENSI DASAR | C23: INDIKATOR | D23: TUJUAN PEMBELAJARAN | E23: MATERI POKOK | F23: MATERI PEMBELAJARAN | J23: ALOKASI WAKTU | K23: SUMBER BELAJAR
C24: =IF($B24="","","-") | D24: =IF($B24="","","-") | E24: =IF($B24="","","-") | F24: =IF($B24="","","-") | G24: =IF($B24="","","-") | H24: =IF($B24="","","-") | I24: =IF($B24="","","-") | K24: =IF($B24="","","-")
C26: =IF($B26="","","-") | D26: =IF($B26="","","-") | E26: =IF($B26="","","-") | F26: =IF($B26="","","-") | G26: =IF($B26="","","-") | H26: =IF($B26="","","-") | I26: =IF($B26="","","-") | K26: =IF($B26="","","-")
C28: =IF($B28="","","-") | D28: =IF($B28="","","-") | E28: =IF($B28="","","-") | F28: =IF($B28="","","-") | G28: =IF($B28="","","-") | H28: =IF($B28="","","-") | I28: =IF($B28="","","-") | K28: =IF($B28="","","-")
K30: =IF(B30="","","Buku Paket Siswa Mata Pelajaran "&PROPER(MID($C$5,3,50))&" Kelas "&UPPER(MID($C$6,3,6)))
K38: =IF(B38="","","Buku Paket Siswa Mata Pelajaran "&PROPER(MID($C$5,3,50))&" Kelas "&UPPER(MID($C$6,3,6)))
K46: =IF(B46="","","Buku Paket Siswa Mata Pelajaran "&PROPER(MID($C$5,3,50))&" Kelas "&UPPER(MID($C$6,3,6)))
A54: KOMPETENSI DASAR | C54: INDIKATOR | D54: TUJUAN PEMBELAJARAN | E54: MATERI POKOK | F54: MATERI PEMBELAJARAN | J54: ALOKASI WAKTU | K54: SUMBER BELAJAR
K55: =IF(B55="","","Buku Paket Siswa Mata Pelajaran "&PROPER(MID($C$5,3,50))&" Kelas "&UPPER(MID($C$6,3,6)))
K63: =IF(B63="","","Buku Paket Siswa Mata Pelajaran "&PROPER(MID($C$5,3,50))&" Kelas "&UPPER(MID($C$6,3,6)))
K71: =IF(B71="","","Buku Paket Siswa Mata Pelajaran "&PROPER(MID($C$5,3,50))&" Kelas "&UPPER(MID($C$6,3,6)))
K79: =IF(B79="","","Buku Paket Siswa Mata Pelajaran "&PROPER(MID($C$5,3,50))&" Kelas "&UPPER(MID($C$6,3,6)))
B89: =#REF! -> #REF! | F89: ="Bandung Barat, Juli "&MID(#REF!,1,4) -> #REF!
B90: =#REF! -> #REF! | F90: =#REF! -> #REF!
B94: =#REF! -> #REF! | F94: =#REF! -> #REF!
B95: =#REF! -> #REF! | F95: =#REF! -> #REF!
A97: SILABUS PEMBELAJARAN
B99: Satuan Pendidikan | C99: =C4 -> MA Nurul Hidayah Padalarang
B100: Mata Pelajaran | C100: =C5 -> #REF!
B101: Kelas/Semester | C101: =C6 -> #REF!
A103: KOMPETENSI INTI
A104: 1
A105: 2
A106: 3
A107: 4
A109: KOMPETENSI DASAR | C109: INDIKATOR | D109: TUJUAN PEMBELAJARAN | E109: MATERI POKOK | F109: MATERI PEMBELAJARAN | J109: ALOKASI WAKTU | K109: SUMBER BELAJAR
D110: =IF($B110="","","-") | E110: =IF($B110="","","-") | F110: =IF($B110="","","-") | G110: =IF($B110="","","-") | H110: =IF($B110="","","-") | I110: =IF($B110="","","-") | J110: =IF($B110="","","-") | K110: =IF($B110="","","-")
D112: =IF($B112="","","-") | E112: =IF($B112="","","-") | F112: =IF($B112="","","-") | G112: =IF($B112="","","-") | H112: =IF($B112="","","-") | I112: =IF($B112="","","-") | J112: =IF($B112="","","-") | K112: =IF($B112="","","-")
D114: =IF($B114="","","-") | E114: =IF($B114="","","-") | F114: =IF($B114="","","-") | G114: =IF($B114="","","-") | H114: =IF($B114="","","-") | I114: =IF($B114="","","-") | J114: =IF($B114="","","-") | K114: =IF($B114="","","-")
D116: =IF($B116="","","-") | E116: =IF($B116="","","-") | F116: =IF($B116="","","-") | G116: =IF($B116="","","-") | H116: =IF($B116="","","-") | I116: =IF($B116="","","-") | J116: =IF($B116="","","-") | K116: =IF($B116="","","-")
A118: KOMPETENSI DASAR | C118: INDIKATOR | D118: TUJUAN PEMBELAJARAN | E118: MATERI POKOK | F118: MATERI PEMBELAJARAN | J118: ALOKASI WAKTU | K118: SUMBER BELAJAR
D119: =IF($B119="","","-") | E119: =IF($B119="","","-") | F119: =IF($B119="","","-") | G119: =IF($B119="","","-") | H119: =IF($B119="","","-") | I119: =IF($B119="","","-") | J119: =IF($B119="","","-") | K119: =IF($B119="","","-")
D121: =IF($B121="","","-") | E121: =IF($B121="","","-") | F121: =IF($B121="","","-") | G121: =IF($B121="","","-") | H121: =IF($B121="","","-") | I121: =IF($B121="","","-") | J121: =IF($B121="","","-") | K121: =IF($B121="","","-")
D123: =IF($B123="","","-") | E123: =IF($B123="","","-") | F123: =IF($B123="","","-") | G123: =IF($B123="","","-") | H123: =IF($B123="","","-") | I123: =IF($B123="","","-") | J123: =IF($B123="","","-") | K123: =IF($B123="","","-")
A149: KOMPETENSI DASAR | C149: INDIKATOR | D149: TUJUAN PEMBELAJARAN | E149: MATERI POKOK | F149: MATERI PEMBELAJARAN | J149: ALOKASI WAKTU | K149: SUMBER BELAJAR
B184: =B89 -> #REF! | F184: =F89 -> #REF!
B185: =B90 -> #REF! | F185: =F90 -> #REF!
B189: =B94 -> #REF! | F189: =F94 -> #REF!
B190: =B95 -> #REF! | F190: =F95 -> #REF!

Sheet KI-KD
A2: KOMPETENSI INTI DAN KOMPETENSI DASAR
A4: Satuan Pendidikan | C4: MA NURUL HIDAYAH PADALARANG
A5: Mata Pelajaran | C5: =#REF! -> #REF!
A6: Kelas/Semester | C6: 10 IPS / Semester Ganjil
A7: Tahun Pelajaran | C7: =#REF! -> #REF!
A9: NO | B9: KOMPETENSI INTI | D9: KOMPETENSI DASAR
A10: 1
A17: 2
A24: 3
A31: 4
B40: =#REF! -> #REF! | D40: ="Bandung Barat, Juli "&MID(#REF!,1,4) -> #REF!
B41: =#REF! -> #REF! | D41: =#REF! -> #REF!
B45: =#REF! -> #REF! | D45: =#REF! -> #REF!
B46: =#REF! -> #REF! | D46: =#REF! -> #REF!

Sheet Silabus
A2: SILABUS PEMBELAJARAN
B4: Satuan Pendidikan | C4: MA Nurul Hidayah Padalarang
B5: Mata Pelajaran | C5: =PROPER(#REF!) -> #REF!
B6: Kelas/Semester | C6: =#REF!&" / 1 (Ganjil)" -> #REF!
A8: KOMPETENSI INTI
A9: 1
A10: 2
A11: 3
A12: 4
A14: KOMPETENSI DASAR | C14: INDIKATOR | D14: TUJUAN PEMBELAJARAN | E14: MATERI POKOK | F14: MATERI PEMBELAJARAN | J14: ALOKASI WAKTU | K14: SUMBER BELAJAR
C15: =IF($B15="","","-") | D15: =IF($B15="","","-") | E15: =IF($B15="","","-") | F15: =IF($B15="","","-") | G15: =IF($B15="","","-") | H15: =IF($B15="","","-") | I15: =IF($B15="","","-") | J15: =IF($B15="","","-") | K15: =IF($B15="","","-")
C17: =IF($B17="","","-") | D17: =IF($B17="","","-") | E17: =IF($B17="","","-") | F17: =IF($B17="","","-") | G17: =IF($B17="","","-") | H17: =IF($B17="","","-") | I17: =IF($B17="","","-") | J17: =IF($B17="","","-") | K17: =IF($B17="","","-")
C19: =IF($B19="","","-") | D19: =IF($B19="","","-") | E19: =IF($B19="","","-") | F19: =IF($B19="","","-") | G19: =IF($B19="","","-") | H19: =IF($B19="","","-") | I19: =IF($B19="","","-") | J19: =IF($B19="","","-") | K19: =IF($B19="","","-")
C21: =IF($B21="","","-") | D21: =IF($B21="","","-") | E21: =IF($B21="","","-") | F21: =IF($B21="","","-") | G21: =IF($B21="","","-") | H21: =IF($B21="","","-") | I21: =IF($B21="","","-") | J21: =IF($B21="","","-") | K21: =IF($B21="","","-")
A23: KOMPETENSI DASAR | C23: INDIKATOR | D23: TUJUAN PEMBELAJARAN | E23: MATERI POKOK | F23: MATERI PEMBELAJARAN | J23: ALOKASI WAKTU | K23: SUMBER BELAJAR
C24: =IF($B24="","","-") | D24: =IF($B24="","","-") | E24: =IF($B24="","","-") | F24: =IF($B24="","","-") | G24: =IF($B24="","","-") | H24: =IF($B24="","","-") | I24: =IF($B24="","","-") | K24: =IF($B24="","","-")
C26: =IF($B26="","","-") | D26: =IF($B26="","","-") | E26: =IF($B26="","","-") | F26: =IF($B26="","","-") | G26: =IF($B26="","","-") | H26: =IF($B26="","","-") | I26: =IF($B26="","","-") | K26: =IF($B26="","","-")
C28: =IF($B28="","","-") | D28: =IF($B28="","","-") | E28: =IF($B28="","","-") | F28: =IF($B28="","","-") | G28: =IF($B28="","","-") | H28: =IF($B28="","","-") | I28: =IF($B28="","","-") | K28: =IF($B28="","","-")
K30: =IF(B30="","","Buku Paket Siswa Mata Pelajaran "&PROPER(MID($C$5,3,50))&" Kelas "&UPPER(MID($C$6,3,6)))
K38: =IF(B38="","","Buku Paket Siswa Mata Pelajaran "&PROPER(MID($C$5,3,50))&" Kelas "&UPPER(MID($C$6,3,6)))
K46: =IF(B46="","","Buku Paket Siswa Mata Pelajaran "&PROPER(MID($C$5,3,50))&" Kelas "&UPPER(MID($C$6,3,6)))
A54: KOMPETENSI DASAR | C54: INDIKATOR | D54: TUJUAN PEMBELAJARAN | E54: MATERI POKOK | F54: MATERI PEMBELAJARAN | J54: ALOKASI WAKTU | K54: SUMBER BELAJAR
K55: =IF(B55="","","Buku Paket Siswa Mata Pelajaran "&PROPER(MID($C$5,3,50))&" Kelas "&UPPER(MID($C$6,3,6)))
K63: =IF(B63="","","Buku Paket Siswa Mata Pelajaran "&PROPER(MID($C$5,3,50))&" Kelas "&UPPER(MID($C$6,3,6)))
K71: =IF(B71="","","Buku Paket Siswa Mata Pelajaran "&PROPER(MID($C$5,3,50))&" Kelas "&UPPER(MID($C$6,3,6)))
K79: =IF(B79="","","Buku Paket Siswa Mata Pelajaran "&PROPER(MID($C$5,3,50))&" Kelas "&UPPER(MID($C$6,3,6)))
B89: =#REF! -> #REF! | F89: ="Bandung Barat, Juli "&MID(#REF!,1,4) -> #REF!
B90: =#REF! -> #REF! | F90: =#REF! -> #REF!
B94: =#REF! -> #REF! | F94: =#REF! -> #REF!
B95: =#REF! -> #REF! | F95: =#REF! -> #REF!
A97: SILABUS PEMBELAJARAN
B99: Satuan Pendidikan | C99: =C4 -> MA Nurul Hidayah Padalarang
B100: Mata Pelajaran | C100: =C5 -> #REF!
B101: Kelas/Semester | C101: =#REF!&" / 2 (Genap)" -> #REF!
A103: KOMPETENSI INTI
A104: 1
A105: 2
A106: 3
A107: 4
A109: KOMPETENSI DASAR | C109: INDIKATOR | D109: TUJUAN PEMBELAJARAN | E109: MATERI POKOK | F109: MATERI PEMBELAJARAN | J109: ALOKASI WAKTU | K109: SUMBER BELAJAR
D110: =IF($B110="","","-") | E110: =IF($B110="","","-") | F110: =IF($B110="","","-") | G110: =IF($B110="","","-") | H110: =IF($B110="","","-") | I110: =IF($B110="","","-") | J110: =IF($B110="","","-") | K110: =IF($B110="","","-")
D112: =IF($B112="","","-") | E112: =IF($B112="","","-") | F112: =IF($B112="","","-") | G112: =IF($B112="","","-") | H112: =IF($B112="","","-") | I112: =IF($B112="","","-") | J112: =IF($B112="","","-") | K112: =IF($B112="","","-")
D114: =IF($B114="","","-") | E114: =IF($B114="","","-") | F114: =IF($B114="","","-") | G114: =IF($B114="","","-") | H114: =IF($B114="","","-") | I114: =IF($B114="","","-") | J114: =IF($B114="","","-") | K114: =IF($B114="","","-")
D116: =IF($B116="","","-") | E116: =IF($B116="","","-") | F116: =IF($B116="","","-") | G116: =IF($B116="","","-") | H116: =IF($B116="","","-") | I116: =IF($B116="","","-") | J116: =IF($B116="","","-") | K116: =IF($B116="","","-")
A118: KOMPETENSI DASAR | C118: INDIKATOR | D118: TUJUAN PEMBELAJARAN | E118: MATERI POKOK | F118: MATERI PEMBELAJARAN | J118: ALOKASI WAKTU | K118: SUMBER BELAJAR
D119: =IF($B119="","","-") | E119: =IF($B119="","","-") | F119: =IF($B119="","","-") | G119: =IF($B119="","","-") | H119: =IF($B119="","","-") | I119: =IF($B119="","","-") | J119: =IF($B119="","","-") | K119: =IF($B119="","","-")
D121: =IF($B121="","","-") | E121: =IF($B121="","","-") | F121: =IF($B121="","","-") | G121: =IF($B121="","","-") | H121: =IF($B121="","","-") | I121: =IF($B121="","","-") | J121: =IF($B121="","","-") | K121: =IF($B121="","","-")
D123: =IF($B123="","","-") | E123: =IF($B123="","","-") | F123: =IF($B123="","","-") | G123: =IF($B123="","","-") | H123: =IF($B123="","","-") | I123: =IF($B123="","","-") | J123: =IF($B123="","","-") | K123: =IF($B123="","","-")
A149: KOMPETENSI DASAR | C149: INDIKATOR | D149: TUJUAN PEMBELAJARAN | E149: MATERI POKOK | F149: MATERI PEMBELAJARAN | J149: ALOKASI WAKTU | K149: SUMBER BELAJAR
B184: =B89 -> #REF! | F184: ="Bandung Barat, Januari "&MID(#REF!,6,4) -> #REF!
B185: =B90 -> #REF! | F185: =F90 -> #REF!
B189: =B94 -> #REF! | F189: =F94 -> #REF!
B190: =B95 -> #REF! | F190: =F95 -> #REF!

Sheet RPP
A2: RENCANA PELAKSANAAN PEMBELAJARAN (RPP)
A4: Satuan Pendidikan | C4: : | D4: MA NURUL HIDAYAH PADALARANG
A5: Mata Pelajaran | C5: : | D5: =#REF! -> #REF!
A6: Materi Pokok | C6: : | D6: =IF(Silabus!E30="","",Silabus!E30)
A7: Kelas/Semester | C7: : | D7: 10 IPS / Semester Ganjil
A8: Alokasi Waktu | C8: :
A10: A. KOMPETENSI INTI
A11: 1 | B11: =IF(Silabus!B9="","",Silabus!B9)
A12: 2 | B12: =IF(Silabus!B10="","",Silabus!B10)
A13: 3 | B13: =IF(Silabus!B11="","",Silabus!B11)
A14: 4 | B14: =IF(Silabus!B12="","",Silabus!B12)
A16: B. KOMPETENSI DASAR
A20: C. INDIKATOR PENCAPAIAN
A21: =IF(B21="","","v") | B21: =IF(Silabus!C30="","",Silabus!C30)
A22: =IF(B22="","","v") | B22: =IF(Silabus!C32="","",Silabus!C32)
A23: =IF(B23="","","v") | B23: =IF(Silabus!C34="","",Silabus!C34)
A24: =IF(B24="","","v") | B24: =IF(Silabus!C36="","",Silabus!C36)
A26: D. TUJUAN PEMBELAJARAN
A27: =IF(B27="","","v") | B27: =IF(Silabus!D30="","",Silabus!D30)
A28: =IF(B28="","","v") | B28: =IF(Silabus!D32="","",Silabus!D32)
A29: =IF(B29="","","v") | B29: =IF(Silabus!D34="","",Silabus!D34)
A30: =IF(B30="","","v") | B30: =IF(Silabus!D36="","",Silabus!D36)
A32: E. MATERI PEMBELAJARAN
A33: =IF(B33="","","v") | B33: =IF(Silabus!F30="","",Silabus!F30)
A34: =IF(B34="","","v") | B34: =IF(Silabus!F31="","",Silabus!F31)
A35: =IF(B35="","","v") | B35: =IF(Silabus!F32="","",Silabus!F32)
A36: =IF(B36="","","v") | B36: =IF(Silabus!F33="","",Silabus!F33)
A37: =IF(B37="","","v") | B37: =IF(Silabus!F34="","",Silabus!F34)
A38: =IF(B38="","","v") | B38: =IF(Silabus!F35="","",Silabus!F35)
A39: =IF(B39="","","v") | B39: =IF(Silabus!F36="","",Silabus!F36)
A40: =IF(B40="","","v") | B40: =IF(Silabus!F37="","",Silabus!F37)
A42: F. METODE PEMBELAJARAN
A43: =IF(B43="","","v") -> v | B43: Ceramah
A44: =IF(B44="","","v") -> v | B44: Diskusi
A45: =IF(B45="","","v")
A46: =IF(B46="","","v")
A48: G. MEDIA PEMBELAJARAN
A49: =IF(B49="","","v") | B49: =IF($D$6="","","Buku Paket Siswa Mata Pelajaran Al-Quran Hadits kelas "&MID(D7,1,6))
A50: =IF(B50="","","v")
A51: =IF(B51="","","v")
A52: =IF(B52="","","v")
A54: H. SUMBER PEMBELAJARAN
A55: =IF(B55="","","v") | B55: =IF(Silabus!K30="","",Silabus!K30)
A56: =IF(B56="","","v") -> v | B56: Internet
A57: =IF(B57="","","v")
A58: =IF(B58="","","v")
A60: I. LANGKAH-LANGKAH (KEGIATAN) PEMBELAJARAN
A61: KEGIATAN PENDAHULUAN
A62: =IF(B62="","","v") -> v | B62: Guru memberikan salam dan menginstruksikan salah satu siswa untuk memimpin do'a
A63: =IF(B63="","","v") -> v | B63: Guru memeriksa kehadiran siswa dengan mengisi presensi kehadiran siswa
A64: =IF(B64="","","v") -> v | B64: Guru menyampaikan kompetensi yang akan dicapai dan manfaatnya dalam kehidupan sehari-hari
A65: =IF(B65="","","v") -> v | B65: Guru menyampaikan garis besar cakupan materi dan kegiatan yang akan dilakukan
A66: =IF(B66="","","v") -> v | B66: Guru memberikan penjelasan mengenai pembelajaran daring di WA Group
A67: =IF(B67="","","v")
A68: =IF(B68="","","v")
A69: KEGIATAN INTI
A70: =IF(B70="","","v") -> v | B70: Peserta didik secara individu di rumah mengobservasikan / menganalisis lembar kerja di WA Group
A71: =IF(B71="","","v") -> v | B71: ="Peserta didik mengkaji tentang "&PROPER(MID(D6,7,100)) -> Peserta didik mengkaji tentang
A72: =IF(B72="","","v") -> v | B72: Peserta didik mencari informasi atas arahan guru tentang judul bab tersebut sesuai lembar kerja
A73: =IF(B73="","","v") -> v | B73: Peserta didik menarik kesimpulan dalam bentuk deskripsi dari hasil observasi
A74: =IF(B74="","","v") -> v | B74: Peserta didik menuangkan hasilnya kedalam 1 lembar kertas
A75: =IF(B75="","","v") -> v | B75: Peserta didik mengumpulkan hasil observasinya pada saat kegiatan luring
A76: =IF(B76="","","v")
A77: =IF(B77="","","v")
A78: KEGIATAN PENUTUP
A79: =IF(B79="","","v") -> v | B79: Guru melakukan refleksi hasil proses belajar yang telah dilaksanakan
A80: =IF(B80="","","v") -> v | B80: Guru memberikan apresiasi kepada seluruh peserta didik yang telah menyelesaikan tugasnya dengan baik
A81: =IF(B81="","","v") -> v | B81: Guru memberikan evaluasi untuk mengukur ketuntasan PBM
A82: =IF(B82="","","v") -> v | B82: Guru menginformasikan kegiatan yang akan dilaksanakan pada pertemuan berikutnya
A83: =IF(B83="","","v")
A84: =IF(B84="","","v")
A85: =IF(B85="","","v")
A87: J.PENILAIAN
A88: Sikap | C88: : | D88: Lembar Pengamatan Sikap
A89: Pengetahuan | C89: : | D89: Lembar Pengamatan dan Lembar Kerja Siswa
A90: Keterampilan | C90: : | D90: Lembar Pengamatan
B93: =#REF! -> #REF! | E93: ="Bandung Barat, Juli "&MID(#REF!,1,4) -> #REF!
B94: =#REF! -> #REF! | E94: =#REF! -> #REF!
B98: =#REF! -> #REF! | E98: =#REF! -> #REF!
B99: =#REF! -> #REF! | E99: =#REF! -> #REF!

Sheet KKM
A2: KRITERIA KETUNTASAN MINIMAL (KKM)
A3: =#REF! -> #REF!
A4: =#REF! -> #REF!
A5: ='Program Tahunan'!A5:D5 -> #REF!
A6: =#REF! -> #REF!
A9: SEMESTER 1
A10: NO | B10: KOMPETENSI DASAR | C10: KOMPLEKSITAS | D10: INTAKE | E10: DAYA DUKUNG | F10: KKM PER KD
F11: =IFERROR(IF(B11=0,"",AVERAGE(C11:E11)),"")
F12: =IFERROR(IF(B12=0,"",AVERAGE(C12:E12)),"")
F13: =IFERROR(IF(B13=0,"",AVERAGE(C13:E13)),"")
F14: =IFERROR(IF(B14=0,"",AVERAGE(C14:E14)),"")
F15: =IFERROR(IF(B15=0,"",AVERAGE(C15:E15)),"")
F16: =IFERROR(IF(B16=0,"",AVERAGE(C16:E16)),"")
F17: =IFERROR(IF(B17=0,"",AVERAGE(C17:E17)),"")
F18: =IFERROR(IF(B18=0,"",AVERAGE(C18:E18)),"")
F19: =IFERROR(IF(B19=0,"",AVERAGE(C19:E19)),"")
F20: =IFERROR(IF(B20=0,"",AVERAGE(C20:E20)),"")
F21: =IFERROR(IF(B21=0,"",AVERAGE(C21:E21)),"")
F22: =IFERROR(IF(B22=0,"",AVERAGE(C22:E22)),"")
... F24: =IFERROR(IF(B24=0,"",AVERAGE(C24:E24)),"")
A25: JUMLAH | F25: =IFERROR(AVERAGE(F11:F24),0) -> 0
B28: =#REF! -> #REF! | D28: ="Bandung Barat, Juli "&MID(#REF!,1,4) -> #REF!
B29: =#REF! -> #REF! | D29: =#REF! -> #REF!
B33: =#REF! -> #REF! | D33: =#REF! -> #REF!
B34: =#REF! -> #REF! | D34: =#REF! -> #REF!
A36: =A2 -> KRITERIA KETUNTASAN MINIMAL (KKM)
A37: =A3 -> #REF!
A38: =A4 -> #REF!
A39: =A5 -> #REF!
A40: =A6 -> #REF!
A43: SEMESTER 2
A44: NO | B44: KOMPETENSI DASAR | C44: KOMPLEKSITAS | D44: INTAKE | E44: DAYA DUKUNG | F44: KKM PER KD
F45: =IFERROR(IF(B45=0,"",AVERAGE(C45:E45)),"")
F46: =IFERROR(IF(B46=0,"",AVERAGE(C46:E46)),"")
F47: =IFERROR(IF(B47=0,"",AVERAGE(C47:E47)),"")
F48: =IFERROR(IF(B48=0,"",AVERAGE(C48:E48)),"")
F49: =IFERROR(IF(B49=0,"",AVERAGE(C49:E49)),"")
F50: =IFERROR(IF(B50=0,"",AVERAGE(C50:E50)),"")
F51: =IFERROR(IF(B51=0,"",AVERAGE(C51:E51)),"")
F52: =IFERROR(IF(B52=0,"",AVERAGE(C52:E52)),"")
F53: =IFERROR(IF(B53=0,"",AVERAGE(C53:E53)),"")
F54: =IFERROR(IF(B54=0,"",AVERAGE(C54:E54)),"")
F55: =IFERROR(IF(B55=0,"",AVERAGE(C55:E55)),"")
F56: =IFERROR(IF(B56=0,"",AVERAGE(C56:E56)),"")
... F58: =IFERROR(IF(B58=0,"",AVERAGE(C58:E58)),"")
A59: JUMLAH | F59: =IFERROR(AVERAGE(F45:F58),0) -> 0
B62: =#REF! -> #REF! | D62: ="Bandung Barat, Desember "&MID(#REF!,6,4) -> #REF!
B63: =#REF! -> #REF! | D63: =#REF! -> #REF!
B67: =#REF! -> #REF! | D67: =#REF! -> #REF!
B68: =#REF! -> #REF! | D68: =#REF! -> #REF!

Sheet Program Tahunan
A2: PROGRAM TAHUNAN
A3: =#REF! -> #REF!
A4: =#REF! -> #REF!
A5: ="KELAS "&#REF! -> #REF!
A6: =#REF! -> #REF!
A8: SEMESTER 1
A9: NO | B9: KOMPETENSI DASAR | D9: ALOKASI WAKTU
A10: =IF(KKM!A11="","",KKM!A11) | B10: =IF(KKM!B11="","",KKM!B11) | C10: =IF(KKM!C11="","",KKM!C11)
A11: =IF(KKM!A12="","",KKM!A12) | B11: =IF(KKM!B12="","",KKM!B12) | C11: =IF(KKM!C12="","",KKM!C12)
A12: =IF(KKM!A13="","",KKM!A13) | B12: =IF(KKM!B13="","",KKM!B13) | C12: =IF(KKM!C13="","",KKM!C13)
A13: =IF(KKM!A14="","",KKM!A14) | B13: =IF(KKM!B14="","",KKM!B14) | C13: =IF(KKM!C14="","",KKM!C14)
A14: =IF(KKM!A15="","",KKM!A15) | B14: =IF(KKM!B15="","",KKM!B15) | C14: =IF(KKM!C15="","",KKM!C15)
A15: =IF(KKM!A16="","",KKM!A16) | B15: =IF(KKM!B16="","",KKM!B16) | C15: =IF(KKM!C16="","",KKM!C16)
A16: =IF(KKM!A17="","",KKM!A17) | B16: =IF(KKM!B17="","",KKM!B17) | C16: =IF(KKM!C17="","",KKM!C17)
A17: =IF(KKM!A18="","",KKM!A18) | B17: =IF(KKM!B18="","",KKM!B18) | C17: =IF(KKM!C18="","",KKM!C18)
A18: =IF(KKM!A19="","",KKM!A19) | B18: =IF(KKM!B19="","",KKM!B19) | C18: =IF(KKM!C19="","",KKM!C19)
A19: =IF(KKM!A20="","",KKM!A20) | B19: =IF(KKM!B20="","",KKM!B20) | C19: =IF(KKM!C20="","",KKM!C20)
A20: =IF(KKM!A21="","",KKM!A21) | B20: =IF(KKM!B21="","",KKM!B21) | C20: =IF(KKM!C21="","",KKM!C21)
A21: =IF(KKM!A22="","",KKM!A22) | B21: =IF(KKM!B22="","",KKM!B22) | C21: =IF(KKM!C22="","",KKM!C22)
... A23: =IF(KKM!A24="","",KKM!A24) | B23: =IF(KKM!B24="","",KKM!B24) | C23: =IF(KKM!C24="","",KKM!C24)
A24: JUMLAH | D24: =SUM(D10:D23)&" JP"&" (x "&#REF!&" Menit)" -> #REF!
A26: SEMESTER 2
A27: NO | B27: KOMPETENSI DASAR | D27: ALOKASI WAKTU
A28: =IF(KKM!A45="","",KKM!A45) | B28: =IF(KKM!B45="","",KKM!B45) | C28: =IF(KKM!C45="","",KKM!C45)
A29: =IF(KKM!A46="","",KKM!A46) | B29: =IF(KKM!B46="","",KKM!B46) | C29: =IF(KKM!C46="","",KKM!C46)
A30: =IF(KKM!A47="","",KKM!A47) | B30: =IF(KKM!B47="","",KKM!B47) | C30: =IF(KKM!C47="","",KKM!C47)
A31: =IF(KKM!A48="","",KKM!A48) | B31: =IF(KKM!B48="","",KKM!B48) | C31: =IF(KKM!C48="","",KKM!C48)
A32: =IF(KKM!A49="","",KKM!A49) | B32: =IF(KKM!B49="","",KKM!B49) | C32: =IF(KKM!C49="","",KKM!C49)
A33: =IF(KKM!A50="","",KKM!A50) | B33: =IF(KKM!B50="","",KKM!B50) | C33: =IF(KKM!C50="","",KKM!C50)
A34: =IF(KKM!A51="","",KKM!A51) | B34: =IF(KKM!B51="","",KKM!B51) | C34: =IF(KKM!C51="","",KKM!C51)
A35: =IF(KKM!A52="","",KKM!A52) | B35: =IF(KKM!B52="","",KKM!B52) | C35: =IF(KKM!C52="","",KKM!C52)
A36: =IF(KKM!A53="","",KKM!A53) | B36: =IF(KKM!B53="","",KKM!B53) | C36: =IF(KKM!C53="","",KKM!C53)
A37: =IF(KKM!A54="","",KKM!A54) | B37: =IF(KKM!B54="","",KKM!B54) | C37: =IF(KKM!C54="","",KKM!C54)
A38: =IF(KKM!A55="","",KKM!A55) | B38: =IF(KKM!B55="","",KKM!B55) | C38: =IF(KKM!C55="","",KKM!C55)
A39: =IF(KKM!A56="","",KKM!A56) | B39: =IF(KKM!B56="","",KKM!B56) | C39: =IF(KKM!C56="","",KKM!C56)
... A41: =IF(KKM!A58="","",KKM!A58) | B41: =IF(KKM!B58="","",KKM!B58) | C41: =IF(KKM!C58="","",KKM!C58)
A42: JUMLAH | D42: =SUM(D28:D41)&" JP"&" (x "&#REF!&" Menit)" -> #REF!
B45: =#REF! -> #REF! | C45: ="Bandung Barat, Juli "&MID(#REF!,1,4) -> #REF!
B46: =#REF! -> #REF! | C46: =#REF! -> #REF!
B50: =#REF! -> #REF! | C50: =#REF! -> #REF!
B51: =#REF! -> #REF! | C51: =#REF! -> #REF!
C52: =#REF! -> #REF!

Sheet Program Semester
A2: PROGRAM SEMESTER
A3: ='Program Tahunan'!$A$3:$D$3 -> #REF!
A4: ='Program Tahunan'!A4:$D$4 -> #REF!
A5: ='Program Tahunan'!A5:$D$5 -> #REF!
A6: ='Program Tahunan'!A6:$D$6 -> #REF!
A9: SEMESTER 1 (GANJIL)
A10: NO | B10: KOMPETENSI DASAR | C10: ALOKASI WAKTU | D10: JULI | I10: AGUSTUS | N10: SEPTEMBER | S10: OKTOBER | X10: NOPEMBER | AC10: DESEMBER | AH10: KETERANGAN
D11: 1 | E11: 2 | F11: 3 | G11: 4 | H11: 5 | I11: 1 | J11: 2 | K11: 3 | L11: 4 | M11: 5 | N11: 1 | O11: 2 | P11: 3 | Q11: 4 | R11: 5 | S11: 1 | T11: 2 | U11: 3 | V11: 4 | W11: 5 | X11: 1 | Y11: 2 | Z11: 3 | AA11: 4 | AB11: 5 | AC11: 1 | AD11: 2 | AE11: 3 | AF11: 4 | AG11: 5
A12: =IF('Program Tahunan'!A10="","",'Program Tahunan'!A10) | B12: =IF('Program Tahunan'!B10="","",'Program Tahunan'!B10) | C12: =IF('Program Tahunan'!D10="","",'Program Tahunan'!D10) | H12: P | I12: P | AH12: =IF(B12="","",COUNTIF(D12:AG12,"P")&" JP")
A13: =IF('Program Tahunan'!A11="","",'Program Tahunan'!A11) | B13: =IF('Program Tahunan'!B11="","",'Program Tahunan'!B11) | C13: =IF('Program Tahunan'!D11="","",'Program Tahunan'!D11) | AH13: =IF(B13="","",COUNTIF(D13:AG13,"P")&" JP")
A14: =IF('Program Tahunan'!A12="","",'Program Tahunan'!A12) | B14: =IF('Program Tahunan'!B12="","",'Program Tahunan'!B12) | C14: =IF('Program Tahunan'!D12="","",'Program Tahunan'!D12) | AH14: =IF(B14="","",COUNTIF(D14:AG14,"P")&" JP")
A15: =IF('Program Tahunan'!A13="","",'Program Tahunan'!A13) | B15: =IF('Program Tahunan'!B13="","",'Program Tahunan'!B13) | C15: =IF('Program Tahunan'!D13="","",'Program Tahunan'!D13) | AH15: =IF(B15="","",COUNTIF(D15:AG15,"P")&" JP")
A16: =IF('Program Tahunan'!A14="","",'Program Tahunan'!A14) | B16: =IF('Program Tahunan'!B14="","",'Program Tahunan'!B14) | C16: =IF('Program Tahunan'!D14="","",'Program Tahunan'!D14) | AH16: =IF(B16="","",COUNTIF(D16:AG16,"P")&" JP")
A17: =IF('Program Tahunan'!A15="","",'Program Tahunan'!A15) | B17: =IF('Program Tahunan'!B15="","",'Program Tahunan'!B15) | C17: =IF('Program Tahunan'!D15="","",'Program Tahunan'!D15) | AH17: =IF(B17="","",COUNTIF(D17:AG17,"P")&" JP")
A18: =IF('Program Tahunan'!A16="","",'Program Tahunan'!A16) | B18: =IF('Program Tahunan'!B16="","",'Program Tahunan'!B16) | C18: =IF('Program Tahunan'!D16="","",'Program Tahunan'!D16) | AH18: =IF(B18="","",COUNTIF(D18:AG18,"P")&" JP")
A19: =IF('Program Tahunan'!A17="","",'Program Tahunan'!A17) | B19: =IF('Program Tahunan'!B17="","",'Program Tahunan'!B17) | C19: =IF('Program Tahunan'!D17="","",'Program Tahunan'!D17) | AH19: =IF(B19="","",COUNTIF(D19:AG19,"P")&" JP")
A20: =IF('Program Tahunan'!A18="","",'Program Tahunan'!A18) | B20: =IF('Program Tahunan'!B18="","",'Program Tahunan'!B18) | C20: =IF('Program Tahunan'!D18="","",'Program Tahunan'!D18) | AH20: =IF(B20="","",COUNTIF(D20:AG20,"P")&" JP")
A21: =IF('Program Tahunan'!A19="","",'Program Tahunan'!A19) | B21: =IF('Program Tahunan'!B19="","",'Program Tahunan'!B19) | C21: =IF('Program Tahunan'!D19="","",'Program Tahunan'!D19) | AH21: =IF(B21="","",COUNTIF(D21:AG21,"P")&" JP")
A22: =IF('Program Tahunan'!A20="","",'Program Tahunan'!A20) | B22: =IF('Program Tahunan'!B20="","",'Program Tahunan'!B20) | C22: =IF('Program Tahunan'!D20="","",'Program Tahunan'!D20) | AH22: =IF(B22="","",COUNTIF(D22:AG22,"P")&" JP")
A23: =IF('Program Tahunan'!A21="","",'Program Tahunan'!A21) | B23: =IF('Program Tahunan'!B21="","",'Program Tahunan'!B21) | C23: =IF('Program Tahunan'!D21="","",'Program Tahunan'!D21) | AH23: =IF(B23="","",COUNTIF(D23:AG23,"P")&" JP")
A24: =IF('Program Tahunan'!A22="","",'Program Tahunan'!A22) | B24: =IF('Program Tahunan'!B22="","",'Program Tahunan'!B22) | C24: =IF('Program Tahunan'!D22="","",'Program Tahunan'!D22) | AH24: =IF(B24="","",COUNTIF(D24:AG24,"P")&" JP")
A25: =IF('Program Tahunan'!A23="","",'Program Tahunan'!A23) | B25: =IF('Program Tahunan'!B23="","",'Program Tahunan'!B23) | C25: =IF('Program Tahunan'!D23="","",'Program Tahunan'!D23) | AH25: =IF(B25="","",COUNTIF(D25:AG25,"P")&" JP")
B28: =#REF! -> #REF! | Y28: ="Bandung Barat, Juli "&MID(#REF!,1,4) -> #REF!
B29: =#REF! -> #REF! | Y29: =#REF! -> #REF!
B33: =#REF! -> #REF! | Y33: =#REF! -> #REF!
B34: =#REF! -> #REF! | Y34: =#REF! -> #REF!
A35: PROGRAM SEMESTER
A36: MA NURUL HIDAYAH PADALARANG
A37: KABUPATEN BANDUNG BARAT
A38: KELAS 10 IPS
A39: TAHUN PELAJARAN 2022/2023
A42: SEMESTER 2 (GENAP)
A43: NO | B43: KOMPETENSI DASAR | C43: ALOKASI WAKTU | D43: JANUARI | I43: FEBRUARI | N43: MARET | S43: APRIL | X43: MEI | AC43: JUNI | AH43: KETERANGAN
D44: 1 | E44: 2 | F44: 3 | G44: 4 | H44: 5 | I44: 1 | J44: 2 | K44: 3 | L44: 4 | M44: 5 | N44: 1 | O44: 2 | P44: 3 | Q44: 4 | R44: 5 | S44: 1 | T44: 2 | U44: 3 | V44: 4 | W44: 5 | X44: 1 | Y44: 2 | Z44: 3 | AA44: 4 | AB44: 5 | AC44: 1 | AD44: 2 | AE44: 3 | AF44: 4 | AG44: 5
A45: =IF('Program Tahunan'!A28="","",'Program Tahunan'!A28) | B45: =IF('Program Tahunan'!B28="","",'Program Tahunan'!B28) | C45: ='Program Tahunan'!D28 -> 0 | AH45: =IF(B45="","",COUNTIF(D45:AG45,"P")&" JP")
A46: =IF('Program Tahunan'!A29="","",'Program Tahunan'!A29) | B46: =IF('Program Tahunan'!B29="","",'Program Tahunan'!B29) | C46: ='Program Tahunan'!D29 -> 0 | AH46: =IF(B46="","",COUNTIF(D46:AG46,"P")&" JP")
A47: =IF('Program Tahunan'!A30="","",'Program Tahunan'!A30) | B47: =IF('Program Tahunan'!B30="","",'Program Tahunan'!B30) | C47: ='Program Tahunan'!D30 -> 0 | AH47: =IF(B47="","",COUNTIF(D47:AG47,"P")&" JP")
A48: =IF('Program Tahunan'!A31="","",'Program Tahunan'!A31) | B48: =IF('Program Tahunan'!B31="","",'Program Tahunan'!B31) | C48: ='Program Tahunan'!D31 -> 0 | AH48: =IF(B48="","",COUNTIF(D48:AG48,"P")&" JP")
A49: =IF('Program Tahunan'!A32="","",'Program Tahunan'!A32) | B49: =IF('Program Tahunan'!B32="","",'Program Tahunan'!B32) | C49: ='Program Tahunan'!D32 -> 0 | AH49: =IF(B49="","",COUNTIF(D49:AG49,"P")&" JP")
A50: =IF('Program Tahunan'!A33="","",'Program Tahunan'!A33) | B50: =IF('Program Tahunan'!B33="","",'Program Tahunan'!B33) | C50: ='Program Tahunan'!D33 -> 0 | AH50: =IF(B50="","",COUNTIF(D50:AG50,"P")&" JP")
A51: =IF('Program Tahunan'!A34="","",'Program Tahunan'!A34) | B51: =IF('Program Tahunan'!B34="","",'Program Tahunan'!B34) | C51: ='Program Tahunan'!D34 -> 0 | AH51: =IF(B51="","",COUNTIF(D51:AG51,"P")&" JP")
A52: =IF('Program Tahunan'!A35="","",'Program Tahunan'!A35) | B52: =IF('Program Tahunan'!B35="","",'Program Tahunan'!B35) | C52: ='Program Tahunan'!D35 -> 0 | AH52: =IF(B52="","",COUNTIF(D52:AG52,"P")&" JP")
A53: =IF('Program Tahunan'!A36="","",'Program Tahunan'!A36) | B53: =IF('Program Tahunan'!B36="","",'Program Tahunan'!B36) | C53: ='Program Tahunan'!D36 -> 0 | AH53: =IF(B53="","",COUNTIF(D53:AG53,"P")&" JP")
A54: =IF('Program Tahunan'!A37="","",'Program Tahunan'!A37) | B54: =IF('Program Tahunan'!B37="","",'Program Tahunan'!B37) | C54: ='Program Tahunan'!D37 -> 0 | AH54: =IF(B54="","",COUNTIF(D54:AG54,"P")&" JP")
A55: =IF('Program Tahunan'!A38="","",'Program Tahunan'!A38) | B55: =IF('Program Tahunan'!B38="","",'Program Tahunan'!B38) | C55: ='Program Tahunan'!D38 -> 0 | AH55: =IF(B55="","",COUNTIF(D55:AG55,"P")&" JP")
A56: =IF('Program Tahunan'!A39="","",'Program Tahunan'!A39) | B56: =IF('Program Tahunan'!B39="","",'Program Tahunan'!B39) | C56: ='Program Tahunan'!D39 -> 0 | AH56: =IF(B56="","",COUNTIF(D56:AG56,"P")&" JP")
... A58: =IF('Program Tahunan'!A41="","",'Program Tahunan'!A41) | B58: =IF('Program Tahunan'!B41="","",'Program Tahunan'!B41) | C58: ='Program Tahunan'!D41 -> 0 | AH58: =IF(B58="","",COUNTIF(D58:AG58,"P")&" JP")
B61: =#REF! -> #REF! | Y61: =#REF! -> #REF!
B62: =#REF! -> #REF! | Y62: =#REF! -> #REF!
B66: =#REF! -> #REF! | Y66: =#REF! -> #REF!
B67: =#REF! -> #REF! | Y67: =#REF! -> #REF!

Sheet CV
A2: ADMINISTRASI GURU
A3: SMA NEGERI 15 KOTA BANDUNG
A4: TAHUN AJARAN 2026/2027
G12: BUKU KERJA 1 : - Analisis SKL - KI & KD - Silabus - RPP - KKM | I12: BUKU KERJA 2 : - Kode Etik Guru - Ikrar Guru - Tata Tertib Guru - Pembiasaan Guru - Kalender Pendidikan - Alokasi Waktu - Program Tahunan - Program Semester - Jurnal Agenda Guru | K12: BUKU KERJA 3 : - Daftar Hadir Siswa - Penilaian Sikap Spiritual & Sosial - Penilaian Pengetahuan & Keterampilan - Analisis PTS - Analisis PAS / PAT - Jadwal Mengajar - Daya Serap Siswa | M12: BUKU KERJA 4 : - Evaluasi Diri Guru - Rencana Tindak Lanjut
A21: Nama Guru :
A22: AHMAD NURSYIFA | B22: ANDI DWI IRFANDI | C22: ANDI DWI IRFANDI | D22: ANDI DWI IRFANDI | E22: ANDI DWI IRFANDI
A23: NIP. - | B23: NIP. - | C23: NIP. - | D23: NIP. - | E23: NIP. -
A26: Mata Pelajaran :
A27: INFORMATIKA
A30: PEMERINTAH DAERAH PROVINSI JAWA BARAT
A31: DINAS PENDIDIKAN
A32: CABANG DINAS PENDIDIKAN WILAYAH VII
A33: 2026

Sheet Jurnal 10-5
A1: =CV!A3 -> SMA NEGERI 15 KOTA BANDUNG
A2: KABUPATEN BANDUNG BARAT
A3: =CV!A4 -> TAHUN AJARAN 2026/2027
A5: JURNAL AGENDA GURU
B6: ="Mata Pelajaran : "&CV!A27 -> Mata Pelajaran : INFORMATIKA | G6: Kelas : 10-5
A8: No | B8: Tanggal | C8: Jam Ke | D8: KD / Materi / Kegiatan | E8: Jumlah Siswa | G8: Catatan Guru | H8: Paraf
E9: Hadir | F9: Tidak Hadir
A10: 1 | B10: 46261 | D10: Perkenalan dan Pengantar Materi | E10: 41 | F10: 5
A11: =A10+1 -> 2 | B11: 46282 | D11: PTS | E11: 45 | F11: 1
A12: =A11+1 -> 3 | B12: 46289 | D12: Algortima Naratif dan Flowchart | E12: 46 | F12: 0
A13: =A12+1 -> 4 | B13: 46296 | D13: Review Algoritma Naratif dan Flowchart, Variabel dan Tipe Data, Pseudocode | E13: 42 | F13: 2
A14: =A13+1 -> 5 | B14: 46303 | D14: Latihan Algoritma Naratif, Flowchart, dan Pseudocode | E14: 43 | F14: 3
A15: =A14+1 -> 6 | B15: 46310 | D15: PTK
A16: =A15+1 -> 7
A17: =A16+1 -> 8
A18: =A17+1 -> 9
A19: =A18+1 -> 10
A20: =A19+1 -> 11
A21: =A20+1 -> 12
A22: =A21+1 -> 13
A23: =A22+1 -> 14
A24: =A23+1 -> 15
A25: =A24+1 -> 16
A26: =A25+1 -> 17
A27: =A26+1 -> 18
... A104: =A103+1 -> 95
B105: =TODAY() -> 46311
B106: Mengetahui, | F106: Bandung, Oktober 2026
B107: Wali Kelas | F107: Guru Mata Pelajaran
B111: Moch. Maulana Hidayat, S.Pd. | F111: AHMAD NURSYIFA, S.Kom.
B112: NIP. 199011162024211011 | F112: NIP. -

Sheet Absensi 10-5
A1: DAFTAR HADIR SISWA | AN1: =A1 -> DAFTAR HADIR SISWA
A2: =CV!A3 -> SMA NEGERI 15 KOTA BANDUNG | AN2: =A2 -> SMA NEGERI 15 KOTA BANDUNG
A3: =#REF! -> #REF! | AN3: =CV!A4 -> TAHUN AJARAN 2026/2027
B6: Kelas | C6: 11-5 | AH6: Semester | AI6: 2 (Genap) | AO6: Kelas | AP6: 10-5 | BU6: Semester | BV6: 1 (Ganjil)
A8: No | B8: Nama | C8: JK | D8: Tanggal | AH8: Jumlah Hadir | AI8: Jumlah Ketidak Hadiran | AN8: =CONCATENATE(A8) -> No | AO8: =CONCATENATE(B8) -> Nama | AP8: =CONCATENATE(C8) -> JK | AQ8: =CONCATENATE(D8) -> Tanggal | AR8: =CONCATENATE(E8) | AS8: =CONCATENATE(F8) | AT8: =CONCATENATE(G8) | AU8: =CONCATENATE(H8) | ... BY8: =CONCATENATE(AL8)
D9: Januari 2026 | N9: Februari 2026 | X9: Maret 2026 | AN9: =CONCATENATE(A9) | AO9: =CONCATENATE(B9) | AP9: =CONCATENATE(C9) | AQ9: Agustus | BA9: September | BK9: Oktober | BU9: =CONCATENATE(AH9) | BV9: =CONCATENATE(AI9) | BW9: =CONCATENATE(AJ9) | BX9: =CONCATENATE(AK9) | BY9: =CONCATENATE(AL9)
AI10: Sakit | AJ10: Ijin | AK10: Alfa | AL10: Total | AN10: =CONCATENATE(A10) | AO10: =CONCATENATE(B10) | AP10: =CONCATENATE(C10) | AQ10: 27 | BB10: 17 | BC10: 24 | BK10: 1 | BL10: 8 | BM10: 15 | BU10: =CONCATENATE(AH10) | BV10: =CONCATENATE(AI10) -> Sakit | BW10: =CONCATENATE(AJ10) -> Ijin | BX10: =CONCATENATE(AK10) -> Alfa | BY10: =CONCATENATE(AL10) -> Total
A11: 1 | B11: ALYA AZ-ZAHRA | C11: P | AH11: =IF(COUNTIF(D11:AG11,".")=0,"",COUNTIF(D11:AG11,".")) | AI11: =IF(COUNTIF(D11:AG11,"S")=0,"",COUNTIF(D11:AG11,"S")) | AJ11: =IF(COUNTIF(D11:AG11,"I")=0,"",COUNTIF(D11:AG11,"I")) | AK11: =IF(COUNTIF(D11:AG11,"A")=0,"",COUNTIF(D11:AG11,"A")) | AL11: =SUM(AI11:AK11) -> 0 | AN11: 1 | AO11: ADINDA PRABANDARI KINASIH | AP11: P | AQ11: . | BB11: . | BC11: . | BK11: . | BL11: . | BU11: =IF(COUNTIF(AQ11:BT11,".")=0,"",COUNTIF(AQ11:BT11,".")) -> 5 | BV11: =IF(COUNTIF(AQ11:BT11,"S")=0,"",COUNTIF(AQ11:BT11,"S")) | BW11: =IF(COUNTIF(AQ11:BT11,"I")=0,"",COUNTIF(AQ11:BT11,"I")) | BX11: =IF(COUNTIF(AQ11:BT11,"A")=0,"",COUNTIF(AQ11:BT11,"A")) | BY11: =SUM(BV11:BX11) -> 0
A12: 2 | B12: ARFA RAZIQ ADAM | C12: L | AH12: =IF(COUNTIF(D12:AG12,".")=0,"",COUNTIF(D12:AG12,".")) | AI12: =IF(COUNTIF(D12:AG12,"S")=0,"",COUNTIF(D12:AG12,"S")) | AJ12: =IF(COUNTIF(D12:AG12,"I")=0,"",COUNTIF(D12:AG12,"I")) | AK12: =IF(COUNTIF(D12:AG12,"A")=0,"",COUNTIF(D12:AG12,"A")) | AL12: =SUM(AI12:AK12) -> 0 | AN12: 2 | AO12: ALIFA MEYLANI SAFITRI | AP12: P | AQ12: . | BB12: . | BC12: . | BK12: . | BL12: . | BU12: =IF(COUNTIF(AQ12:BT12,".")=0,"",COUNTIF(AQ12:BT12,".")) -> 5 | BV12: =IF(COUNTIF(AQ12:BT12,"S")=0,"",COUNTIF(AQ12:BT12,"S")) | BW12: =IF(COUNTIF(AQ12:BT12,"I")=0,"",COUNTIF(AQ12:BT12,"I")) | BX12: =IF(COUNTIF(AQ12:BT12,"A")=0,"",COUNTIF(AQ12:BT12,"A")) | BY12: =SUM(BV12:BX12) -> 0
A13: 3 | B13: ARGADITYA RAHMAN HIRACAHYA | C13: L | AH13: =IF(COUNTIF(D13:AG13,".")=0,"",COUNTIF(D13:AG13,".")) | AI13: =IF(COUNTIF(D13:AG13,"S")=0,"",COUNTIF(D13:AG13,"S")) | AJ13: =IF(COUNTIF(D13:AG13,"I")=0,"",COUNTIF(D13:AG13,"I")) | AK13: =IF(COUNTIF(D13:AG13,"A")=0,"",COUNTIF(D13:AG13,"A")) | AL13: =SUM(AI13:AK13) -> 0 | AN13: 3 | AO13: AMALIA NURFADILAH | AP13: P | AQ13: . | BB13: . | BC13: . | BK13: . | BL13: . | BU13: =IF(COUNTIF(AQ13:BT13,".")=0,"",COUNTIF(AQ13:BT13,".")) -> 5 | BV13: =IF(COUNTIF(AQ13:BT13,"S")=0,"",COUNTIF(AQ13:BT13,"S")) | BW13: =IF(COUNTIF(AQ13:BT13,"I")=0,"",COUNTIF(AQ13:BT13,"I")) | BX13: =IF(COUNTIF(AQ13:BT13,"A")=0,"",COUNTIF(AQ13:BT13,"A")) | BY13: =SUM(BV13:BX13) -> 0
A14: 4 | B14: DAVIN RAISYA PRATAMA | C14: L | AH14: =IF(COUNTIF(D14:AG14,".")=0,"",COUNTIF(D14:AG14,".")) | AI14: =IF(COUNTIF(D14:AG14,"S")=0,"",COUNTIF(D14:AG14,"S")) | AJ14: =IF(COUNTIF(D14:AG14,"I")=0,"",COUNTIF(D14:AG14,"I")) | AK14: =IF(COUNTIF(D14:AG14,"A")=0,"",COUNTIF(D14:AG14,"A")) | AL14: =SUM(AI14:AK14) -> 0 | AN14: =CONCATENATE(A14) -> 4 | AO14: ARIA KUSUMAH | AP14: L | AQ14: . | BB14: . | BC14: . | BK14: s | BL14: . | BU14: =IF(COUNTIF(AQ14:BT14,".")=0,"",COUNTIF(AQ14:BT14,".")) -> 4 | BV14: =IF(COUNTIF(AQ14:BT14,"S")=0,"",COUNTIF(AQ14:BT14,"S")) -> 1 | BW14: =IF(COUNTIF(AQ14:BT14,"I")=0,"",COUNTIF(AQ14:BT14,"I")) | BX14: =IF(COUNTIF(AQ14:BT14,"A")=0,"",COUNTIF(AQ14:BT14,"A")) | BY14: =SUM(BV14:BX14) -> 1
A15: 5 | B15: DAVINA CHERRYL AGIESYA | C15: P | AH15: =IF(COUNTIF(D15:AG15,".")=0,"",COUNTIF(D15:AG15,".")) | AI15: =IF(COUNTIF(D15:AG15,"S")=0,"",COUNTIF(D15:AG15,"S")) | AJ15: =IF(COUNTIF(D15:AG15,"I")=0,"",COUNTIF(D15:AG15,"I")) | AK15: =IF(COUNTIF(D15:AG15,"A")=0,"",COUNTIF(D15:AG15,"A")) | AL15: =SUM(AI15:AK15) -> 0 | AN15: =CONCATENATE(A15) -> 5 | AO15: AULIA KINASIH | AP15: P | AQ15: . | BB15: . | BC15: . | BK15: s | BL15: . | BU15: =IF(COUNTIF(AQ15:BT15,".")=0,"",COUNTIF(AQ15:BT15,".")) -> 4 | BV15: =IF(COUNTIF(AQ15:BT15,"S")=0,"",COUNTIF(AQ15:BT15,"S")) -> 1 | BW15: =IF(COUNTIF(AQ15:BT15,"I")=0,"",COUNTIF(AQ15:BT15,"I")) | BX15: =IF(COUNTIF(AQ15:BT15,"A")=0,"",COUNTIF(AQ15:BT15,"A")) | BY15: =SUM(BV15:BX15) -> 1
A16: 6 | B16: FARHAN GARNADI | C16: L | AH16: =IF(COUNTIF(D16:AG16,".")=0,"",COUNTIF(D16:AG16,".")) | AI16: =IF(COUNTIF(D16:AG16,"S")=0,"",COUNTIF(D16:AG16,"S")) | AJ16: =IF(COUNTIF(D16:AG16,"I")=0,"",COUNTIF(D16:AG16,"I")) | AK16: =IF(COUNTIF(D16:AG16,"A")=0,"",COUNTIF(D16:AG16,"A")) | AL16: =SUM(AI16:AK16) -> 0 | AN16: =CONCATENATE(A16) -> 6 | AO16: BALQIS FANIDA SORAYA | AP16: P | AQ16: . | BB16: . | BC16: . | BK16: . | BL16: . | BU16: =IF(COUNTIF(AQ16:BT16,".")=0,"",COUNTIF(AQ16:BT16,".")) -> 5 | BV16: =IF(COUNTIF(AQ16:BT16,"S")=0,"",COUNTIF(AQ16:BT16,"S")) | BW16: =IF(COUNTIF(AQ16:BT16,"I")=0,"",COUNTIF(AQ16:BT16,"I")) | BX16: =IF(COUNTIF(AQ16:BT16,"A")=0,"",COUNTIF(AQ16:BT16,"A")) | BY16: =SUM(BV16:BX16) -> 0
A17: 7 | B17: FARID NAUFAL IDLAN | C17: L | AH17: =IF(COUNTIF(D17:AG17,".")=0,"",COUNTIF(D17:AG17,".")) | AI17: =IF(COUNTIF(D17:AG17,"S")=0,"",COUNTIF(D17:AG17,"S")) | AJ17: =IF(COUNTIF(D17:AG17,"I")=0,"",COUNTIF(D17:AG17,"I")) | AK17: =IF(COUNTIF(D17:AG17,"A")=0,"",COUNTIF(D17:AG17,"A")) | AL17: =SUM(AI17:AK17) -> 0 | AN17: =CONCATENATE(A17) -> 7 | AO17: CAHYA ISMAIL | AP17: L | AQ17: . | BB17: . | BC17: . | BK17: . | BL17: . | BU17: =IF(COUNTIF(AQ17:BT17,".")=0,"",COUNTIF(AQ17:BT17,".")) -> 5 | BV17: =IF(COUNTIF(AQ17:BT17,"S")=0,"",COUNTIF(AQ17:BT17,"S")) | BW17: =IF(COUNTIF(AQ17:BT17,"I")=0,"",COUNTIF(AQ17:BT17,"I")) | BX17: =IF(COUNTIF(AQ17:BT17,"A")=0,"",COUNTIF(AQ17:BT17,"A")) | BY17: =SUM(BV17:BX17) -> 0
A18: 8 | B18: FRESHA INDAH ELVIANNISA | C18: P | AH18: =IF(COUNTIF(D18:AG18,".")=0,"",COUNTIF(D18:AG18,".")) | AI18: =IF(COUNTIF(D18:AG18,"S")=0,"",COUNTIF(D18:AG18,"S")) | AJ18: =IF(COUNTIF(D18:AG18,"I")=0,"",COUNTIF(D18:AG18,"I")) | AK18: =IF(COUNTIF(D18:AG18,"A")=0,"",COUNTIF(D18:AG18,"A")) | AL18: =SUM(AI18:AK18) -> 0 | AN18: =CONCATENATE(A18) -> 8 | AO18: CHIARA HASNA ZHAFIRA | AP18: P | AQ18: . | BB18: s | BC18: . | BK18: . | BL18: . | BU18: =IF(COUNTIF(AQ18:BT18,".")=0,"",COUNTIF(AQ18:BT18,".")) -> 4 | BV18: =IF(COUNTIF(AQ18:BT18,"S")=0,"",COUNTIF(AQ18:BT18,"S")) -> 1 | BW18: =IF(COUNTIF(AQ18:BT18,"I")=0,"",COUNTIF(AQ18:BT18,"I")) | BX18: =IF(COUNTIF(AQ18:BT18,"A")=0,"",COUNTIF(AQ18:BT18,"A")) | BY18: =SUM(BV18:BX18) -> 1
A19: 9 | B19: GHANI YAZID KHAIRI | C19: L | AH19: =IF(COUNTIF(D19:AG19,".")=0,"",COUNTIF(D19:AG19,".")) | AI19: =IF(COUNTIF(D19:AG19,"S")=0,"",COUNTIF(D19:AG19,"S")) | AJ19: =IF(COUNTIF(D19:AG19,"I")=0,"",COUNTIF(D19:AG19,"I")) | AK19: =IF(COUNTIF(D19:AG19,"A")=0,"",COUNTIF(D19:AG19,"A")) | AL19: =SUM(AI19:AK19) -> 0 | AN19: =CONCATENATE(A19) -> 9 | AO19: DEVILIA AULIA PUTRI | AP19: P | AQ19: s | BB19: . | BC19: . | BK19: . | BL19: . | BU19: =IF(COUNTIF(AQ19:BT19,".")=0,"",COUNTIF(AQ19:BT19,".")) -> 4 | BV19: =IF(COUNTIF(AQ19:BT19,"S")=0,"",COUNTIF(AQ19:BT19,"S")) -> 1 | BW19: =IF(COUNTIF(AQ19:BT19,"I")=0,"",COUNTIF(AQ19:BT19,"I")) | BX19: =IF(COUNTIF(AQ19:BT19,"A")=0,"",COUNTIF(AQ19:BT19,"A")) | BY19: =SUM(BV19:BX19) -> 1
A20: 10 | B20: GUSNI RAMADHANI | C20: L | AH20: =IF(COUNTIF(D20:AG20,".")=0,"",COUNTIF(D20:AG20,".")) | AI20: =IF(COUNTIF(D20:AG20,"S")=0,"",COUNTIF(D20:AG20,"S")) | AJ20: =IF(COUNTIF(D20:AG20,"I")=0,"",COUNTIF(D20:AG20,"I")) | AK20: =IF(COUNTIF(D20:AG20,"A")=0,"",COUNTIF(D20:AG20,"A")) | AL20: =SUM(AI20:AK20) -> 0 | AN20: =CONCATENATE(A20) -> 10 | AO20: EGA YUDA NUGRAHA | AP20: L | AQ20: . | BB20: . | BC20: . | BK20: s | BL20: . | BU20: =IF(COUNTIF(AQ20:BT20,".")=0,"",COUNTIF(AQ20:BT20,".")) -> 4 | BV20: =IF(COUNTIF(AQ20:BT20,"S")=0,"",COUNTIF(AQ20:BT20,"S")) -> 1 | BW20: =IF(COUNTIF(AQ20:BT20,"I")=0,"",COUNTIF(AQ20:BT20,"I")) | BX20: =IF(COUNTIF(AQ20:BT20,"A")=0,"",COUNTIF(AQ20:BT20,"A")) | BY20: =SUM(BV20:BX20) -> 1
A21: 11 | B21: HANIEF AWWAL ABDILLAH | C21: L | AH21: =IF(COUNTIF(D21:AG21,".")=0,"",COUNTIF(D21:AG21,".")) | AI21: =IF(COUNTIF(D21:AG21,"S")=0,"",COUNTIF(D21:AG21,"S")) | AJ21: =IF(COUNTIF(D21:AG21,"I")=0,"",COUNTIF(D21:AG21,"I")) | AK21: =IF(COUNTIF(D21:AG21,"A")=0,"",COUNTIF(D21:AG21,"A")) | AL21: =SUM(AI21:AK21) -> 0 | AN21: =CONCATENATE(A21) -> 11 | AO21: ELMIRA ZAHIYA RUSDI | AP21: P | AQ21: . | BB21: . | BC21: . | BK21: . | BL21: . | BU21: =IF(COUNTIF(AQ21:BT21,".")=0,"",COUNTIF(AQ21:BT21,".")) -> 5 | BV21: =IF(COUNTIF(AQ21:BT21,"S")=0,"",COUNTIF(AQ21:BT21,"S")) | BW21: =IF(COUNTIF(AQ21:BT21,"I")=0,"",COUNTIF(AQ21:BT21,"I")) | BX21: =IF(COUNTIF(AQ21:BT21,"A")=0,"",COUNTIF(AQ21:BT21,"A")) | BY21: =SUM(BV21:BX21) -> 0
A22: 12 | B22: JIBRIL AL FAUZAN PURNADI | C22: L | AH22: =IF(COUNTIF(D22:AG22,".")=0,"",COUNTIF(D22:AG22,".")) | AI22: =IF(COUNTIF(D22:AG22,"S")=0,"",COUNTIF(D22:AG22,"S")) | AJ22: =IF(COUNTIF(D22:AG22,"I")=0,"",COUNTIF(D22:AG22,"I")) | AK22: =IF(COUNTIF(D22:AG22,"A")=0,"",COUNTIF(D22:AG22,"A")) | AL22: =SUM(AI22:AK22) -> 0 | AN22: =CONCATENATE(A22) -> 12 | AO22: FAHRAN FATUROHMAN | AP22: L | AQ22: . | BB22: . | BC22: . | BK22: . | BL22: . | BU22: =IF(COUNTIF(AQ22:BT22,".")=0,"",COUNTIF(AQ22:BT22,".")) -> 5 | BV22: =IF(COUNTIF(AQ22:BT22,"S")=0,"",COUNTIF(AQ22:BT22,"S")) | BW22: =IF(COUNTIF(AQ22:BT22,"I")=0,"",COUNTIF(AQ22:BT22,"I")) | BX22: =IF(COUNTIF(AQ22:BT22,"A")=0,"",COUNTIF(AQ22:BT22,"A")) | BY22: =SUM(BV22:BX22) -> 0
A23: 13 | B23: JULVIKY ARUN KSATRIA | C23: L | AH23: =IF(COUNTIF(D23:AG23,".")=0,"",COUNTIF(D23:AG23,".")) | AI23: =IF(COUNTIF(D23:AG23,"S")=0,"",COUNTIF(D23:AG23,"S")) | AJ23: =IF(COUNTIF(D23:AG23,"I")=0,"",COUNTIF(D23:AG23,"I")) | AK23: =IF(COUNTIF(D23:AG23,"A")=0,"",COUNTIF(D23:AG23,"A")) | AL23: =SUM(AI23:AK23) -> 0 | AN23: =CONCATENATE(A23) -> 13 | AO23: FAKHIRA SALWA NABILA | AP23: P | AQ23: . | BB23: . | BC23: . | BK23: . | BL23: . | BU23: =IF(COUNTIF(AQ23:BT23,".")=0,"",COUNTIF(AQ23:BT23,".")) -> 5 | BV23: =IF(COUNTIF(AQ23:BT23,"S")=0,"",COUNTIF(AQ23:BT23,"S")) | BW23: =IF(COUNTIF(AQ23:BT23,"I")=0,"",COUNTIF(AQ23:BT23,"I")) | BX23: =IF(COUNTIF(AQ23:BT23,"A")=0,"",COUNTIF(AQ23:BT23,"A")) | BY23: =SUM(BV23:BX23) -> 0
A24: P | B24: KANIA ALESHA RIFAYA | C24: P | AH24: =IF(COUNTIF(D24:AG24,".")=0,"",COUNTIF(D24:AG24,".")) | AI24: =IF(COUNTIF(D24:AG24,"S")=0,"",COUNTIF(D24:AG24,"S")) | AJ24: =IF(COUNTIF(D24:AG24,"I")=0,"",COUNTIF(D24:AG24,"I")) | AK24: =IF(COUNTIF(D24:AG24,"A")=0,"",COUNTIF(D24:AG24,"A")) | AL24: =SUM(AI24:AK24) -> 0 | AN24: 14 | AO24: FATHIYYA AMEERA QUEENNARRA EDWARD | AP24: P | AQ24: . | BB24: . | BC24: . | BK24: . | BL24: . | BU24: =IF(COUNTIF(AQ24:BT24,".")=0,"",COUNTIF(AQ24:BT24,".")) -> 5 | BV24: =IF(COUNTIF(AQ24:BT24,"S")=0,"",COUNTIF(AQ24:BT24,"S")) | BW24: =IF(COUNTIF(AQ24:BT24,"I")=0,"",COUNTIF(AQ24:BT24,"I")) | BX24: =IF(COUNTIF(AQ24:BT24,"A")=0,"",COUNTIF(AQ24:BT24,"A")) | BY24: =SUM(BV24:BX24) -> 0
A25: 15 | B25: LINTANG AKASHA DIPUTRA SULAIMAN | C25: L | AH25: =IF(COUNTIF(D25:AG25,".")=0,"",COUNTIF(D25:AG25,".")) | AI25: =IF(COUNTIF(D25:AG25,"S")=0,"",COUNTIF(D25:AG25,"S")) | AJ25: =IF(COUNTIF(D25:AG25,"I")=0,"",COUNTIF(D25:AG25,"I")) | AK25: =IF(COUNTIF(D25:AG25,"A")=0,"",COUNTIF(D25:AG25,"A")) | AL25: =SUM(AI25:AK25) -> 0 | AN25: =CONCATENATE(A25) -> 15 | AO25: FAUZAN SYAWAL PRATAMA | AP25: L | AQ25: . | BB25: . | BC25: . | BK25: . | BL25: . | BU25: =IF(COUNTIF(AQ25:BT25,".")=0,"",COUNTIF(AQ25:BT25,".")) -> 5 | BV25: =IF(COUNTIF(AQ25:BT25,"S")=0,"",COUNTIF(AQ25:BT25,"S")) | BW25: =IF(COUNTIF(AQ25:BT25,"I")=0,"",COUNTIF(AQ25:BT25,"I")) | BX25: =IF(COUNTIF(AQ25:BT25,"A")=0,"",COUNTIF(AQ25:BT25,"A")) | BY25: =SUM(BV25:BX25) -> 0
A26: 16 | B26: MARITZA JESSENIA ZAYYAN | C26: P | AH26: =IF(COUNTIF(D26:AG26,".")=0,"",COUNTIF(D26:AG26,".")) | AI26: =IF(COUNTIF(D26:AG26,"S")=0,"",COUNTIF(D26:AG26,"S")) | AJ26: =IF(COUNTIF(D26:AG26,"I")=0,"",COUNTIF(D26:AG26,"I")) | AK26: =IF(COUNTIF(D26:AG26,"A")=0,"",COUNTIF(D26:AG26,"A")) | AL26: =SUM(AI26:AK26) -> 0 | AN26: =CONCATENATE(A26) -> 16 | AO26: GHEA RAHMAYANI | AP26: P | AQ26: . | BB26: . | BC26: . | BK26: . | BL26: . | BU26: =IF(COUNTIF(AQ26:BT26,".")=0,"",COUNTIF(AQ26:BT26,".")) -> 5 | BV26: =IF(COUNTIF(AQ26:BT26,"S")=0,"",COUNTIF(AQ26:BT26,"S")) | BW26: =IF(COUNTIF(AQ26:BT26,"I")=0,"",COUNTIF(AQ26:BT26,"I")) | BX26: =IF(COUNTIF(AQ26:BT26,"A")=0,"",COUNTIF(AQ26:BT26,"A")) | BY26: =SUM(BV26:BX26) -> 0
A27: 17 | B27: MARVELINO YAKUB PANDAPOTAN ARITONANG | C27: L | AH27: =IF(COUNTIF(D27:AG27,".")=0,"",COUNTIF(D27:AG27,".")) | AI27: =IF(COUNTIF(D27:AG27,"S")=0,"",COUNTIF(D27:AG27,"S")) | AJ27: =IF(COUNTIF(D27:AG27,"I")=0,"",COUNTIF(D27:AG27,"I")) | AK27: =IF(COUNTIF(D27:AG27,"A")=0,"",COUNTIF(D27:AG27,"A")) | AL27: =SUM(AI27:AK27) -> 0 | AN27: =CONCATENATE(A27) -> 17 | AO27: INTANIA RAMADANIA | AP27: P | AQ27: . | BB27: . | BC27: . | BK27: . | BL27: . | BU27: =IF(COUNTIF(AQ27:BT27,".")=0,"",COUNTIF(AQ27:BT27,".")) -> 5 | BV27: =IF(COUNTIF(AQ27:BT27,"S")=0,"",COUNTIF(AQ27:BT27,"S")) | BW27: =IF(COUNTIF(AQ27:BT27,"I")=0,"",COUNTIF(AQ27:BT27,"I")) | BX27: =IF(COUNTIF(AQ27:BT27,"A")=0,"",COUNTIF(AQ27:BT27,"A")) | BY27: =SUM(BV27:BX27) -> 0
A28: 18 | B28: MOSES GABE PARULIAN BUTAR-BUTAR | C28: L | AH28: =IF(COUNTIF(D28:AG28,".")=0,"",COUNTIF(D28:AG28,".")) | AI28: =IF(COUNTIF(D28:AG28,"S")=0,"",COUNTIF(D28:AG28,"S")) | AJ28: =IF(COUNTIF(D28:AG28,"I")=0,"",COUNTIF(D28:AG28,"I")) | AK28: =IF(COUNTIF(D28:AG28,"A")=0,"",COUNTIF(D28:AG28,"A")) | AL28: =SUM(AI28:AK28) -> 0 | AN28: =CONCATENATE(A28) -> 18 | AO28: JAUZA HANA NABILA | AP28: P | AQ28: . | BB28: . | BC28: . | BK28: . | BL28: . | BU28: =IF(COUNTIF(AQ28:BT28,".")=0,"",COUNTIF(AQ28:BT28,".")) -> 5 | BV28: =IF(COUNTIF(AQ28:BT28,"S")=0,"",COUNTIF(AQ28:BT28,"S")) | BW28: =IF(COUNTIF(AQ28:BT28,"I")=0,"",COUNTIF(AQ28:BT28,"I")) | BX28: =IF(COUNTIF(AQ28:BT28,"A")=0,"",COUNTIF(AQ28:BT28,"A")) | BY28: =SUM(BV28:BX28) -> 0
A29: 19 | B29: MUHAMMAD AKMAL FIRDAUS | C29: L | AH29: =IF(COUNTIF(D29:AG29,".")=0,"",COUNTIF(D29:AG29,".")) | AI29: =IF(COUNTIF(D29:AG29,"S")=0,"",COUNTIF(D29:AG29,"S")) | AJ29: =IF(COUNTIF(D29:AG29,"I")=0,"",COUNTIF(D29:AG29,"I")) | AK29: =IF(COUNTIF(D29:AG29,"A")=0,"",COUNTIF(D29:AG29,"A")) | AL29: =SUM(AI29:AK29) -> 0 | AN29: =CONCATENATE(A29) -> 19 | AO29: KEYSHA NUR RAHAYU | AP29: P | AQ29: . | BB29: . | BC29: . | BK29: . | BL29: . | BU29: =IF(COUNTIF(AQ29:BT29,".")=0,"",COUNTIF(AQ29:BT29,".")) -> 5 | BV29: =IF(COUNTIF(AQ29:BT29,"S")=0,"",COUNTIF(AQ29:BT29,"S")) | BW29: =IF(COUNTIF(AQ29:BT29,"I")=0,"",COUNTIF(AQ29:BT29,"I")) | BX29: =IF(COUNTIF(AQ29:BT29,"A")=0,"",COUNTIF(AQ29:BT29,"A")) | BY29: =SUM(BV29:BX29) -> 0
A30: 21 | B30: MUHAMMAD DAFFA ABDILLAH | C30: L | AH30: =IF(COUNTIF(D30:AG30,".")=0,"",COUNTIF(D30:AG30,".")) | AI30: =IF(COUNTIF(D30:AG30,"S")=0,"",COUNTIF(D30:AG30,"S")) | AJ30: =IF(COUNTIF(D30:AG30,"I")=0,"",COUNTIF(D30:AG30,"I")) | AK30: =IF(COUNTIF(D30:AG30,"A")=0,"",COUNTIF(D30:AG30,"A")) | AL30: =SUM(AI30:AK30) -> 0 | AN30: 20 | AO30: MAHESYA LILY | AP30: P | AQ30: . | BB30: . | BC30: . | BK30: . | BL30: . | BU30: =IF(COUNTIF(AQ30:BT30,".")=0,"",COUNTIF(AQ30:BT30,".")) -> 5 | BV30: =IF(COUNTIF(AQ30:BT30,"S")=0,"",COUNTIF(AQ30:BT30,"S")) | BW30: =IF(COUNTIF(AQ30:BT30,"I")=0,"",COUNTIF(AQ30:BT30,"I")) | BX30: =IF(COUNTIF(AQ30:BT30,"A")=0,"",COUNTIF(AQ30:BT30,"A")) | BY30: =SUM(BV30:BX30) -> 0
A31: 22 | B31: MUHAMMAD HILMI AD-DZIKRI | C31: L | AH31: =IF(COUNTIF(D31:AG31,".")=0,"",COUNTIF(D31:AG31,".")) | AI31: =IF(COUNTIF(D31:AG31,"S")=0,"",COUNTIF(D31:AG31,"S")) | AJ31: =IF(COUNTIF(D31:AG31,"I")=0,"",COUNTIF(D31:AG31,"I")) | AK31: =IF(COUNTIF(D31:AG31,"A")=0,"",COUNTIF(D31:AG31,"A")) | AL31: =SUM(AI31:AK31) -> 0 | AN31: 21 | AO31: MALVIN AKSATRYA DANISWARA KUSMANA | AP31: L | AQ31: . | BB31: . | BC31: . | BK31: . | BL31: . | BU31: =IF(COUNTIF(AQ31:BT31,".")=0,"",COUNTIF(AQ31:BT31,".")) -> 5 | BV31: =IF(COUNTIF(AQ31:BT31,"S")=0,"",COUNTIF(AQ31:BT31,"S")) | BW31: =IF(COUNTIF(AQ31:BT31,"I")=0,"",COUNTIF(AQ31:BT31,"I")) | BX31: =IF(COUNTIF(AQ31:BT31,"A")=0,"",COUNTIF(AQ31:BT31,"A")) | BY31: =SUM(BV31:BX31) -> 0
A32: 23 | B32: MUHAMMAD SYARIF ROMDHONI | C32: L | AH32: =IF(COUNTIF(D32:AG32,".")=0,"",COUNTIF(D32:AG32,".")) | AI32: =IF(COUNTIF(D32:AG32,"S")=0,"",COUNTIF(D32:AG32,"S")) | AJ32: =IF(COUNTIF(D32:AG32,"I")=0,"",COUNTIF(D32:AG32,"I")) | AK32: =IF(COUNTIF(D32:AG32,"A")=0,"",COUNTIF(D32:AG32,"A")) | AL32: =SUM(AI32:AK32) -> 0 | AN32: 22 | AO32: MARWA NURHAA NAFIAH | AP32: P | AQ32: . | BB32: . | BC32: . | BK32: . | BL32: . | BU32: =IF(COUNTIF(AQ32:BT32,".")=0,"",COUNTIF(AQ32:BT32,".")) -> 5 | BV32: =IF(COUNTIF(AQ32:BT32,"S")=0,"",COUNTIF(AQ32:BT32,"S")) | BW32: =IF(COUNTIF(AQ32:BT32,"I")=0,"",COUNTIF(AQ32:BT32,"I")) | BX32: =IF(COUNTIF(AQ32:BT32,"A")=0,"",COUNTIF(AQ32:BT32,"A")) | BY32: =SUM(BV32:BX32) -> 0
A33: 24 | B33: MUTIARA NUR SYIFA | C33: P | AH33: =IF(COUNTIF(D33:AG33,".")=0,"",COUNTIF(D33:AG33,".")) | AI33: =IF(COUNTIF(D33:AG33,"S")=0,"",COUNTIF(D33:AG33,"S")) | AJ33: =IF(COUNTIF(D33:AG33,"I")=0,"",COUNTIF(D33:AG33,"I")) | AK33: =IF(COUNTIF(D33:AG33,"A")=0,"",COUNTIF(D33:AG33,"A")) | AL33: =SUM(AI33:AK33) -> 0 | AN33: 23 | AO33: MIKAIL AL KAUTSAR SIMA PAWITRA | AP33: L | AQ33: . | BB33: . | BC33: . | BK33: . | BL33: . | BU33: =IF(COUNTIF(AQ33:BT33,".")=0,"",COUNTIF(AQ33:BT33,".")) -> 5 | BV33: =IF(COUNTIF(AQ33:BT33,"S")=0,"",COUNTIF(AQ33:BT33,"S")) | BW33: =IF(COUNTIF(AQ33:BT33,"I")=0,"",COUNTIF(AQ33:BT33,"I")) | BX33: =IF(COUNTIF(AQ33:BT33,"A")=0,"",COUNTIF(AQ33:BT33,"A")) | BY33: =SUM(BV33:BX33) -> 0
A34: 25 | B34: NABIL MOHAMMAD AZMII AKRAM | C34: L | AH34: =IF(COUNTIF(D34:AG34,".")=0,"",COUNTIF(D34:AG34,".")) | AI34: =IF(COUNTIF(D34:AG34,"S")=0,"",COUNTIF(D34:AG34,"S")) | AJ34: =IF(COUNTIF(D34:AG34,"I")=0,"",COUNTIF(D34:AG34,"I")) | AK34: =IF(COUNTIF(D34:AG34,"A")=0,"",COUNTIF(D34:AG34,"A")) | AL34: =SUM(AI34:AK34) -> 0 | AN34: 24 | AO34: MUHAMAD AGUNG RIVA RISQULOH | AP34: L | AQ34: s | BB34: . | BC34: . | BK34: . | BL34: s | BU34: =IF(COUNTIF(AQ34:BT34,".")=0,"",COUNTIF(AQ34:BT34,".")) -> 3 | BV34: =IF(COUNTIF(AQ34:BT34,"S")=0,"",COUNTIF(AQ34:BT34,"S")) -> 2 | BW34: =IF(COUNTIF(AQ34:BT34,"I")=0,"",COUNTIF(AQ34:BT34,"I")) | BX34: =IF(COUNTIF(AQ34:BT34,"A")=0,"",COUNTIF(AQ34:BT34,"A")) | BY34: =SUM(BV34:BX34) -> 2
A35: 26 | B35: NADINE GAZA AULYA | C35: P | AH35: =IF(COUNTIF(D35:AG35,".")=0,"",COUNTIF(D35:AG35,".")) | AI35: =IF(COUNTIF(D35:AG35,"S")=0,"",COUNTIF(D35:AG35,"S")) | AJ35: =IF(COUNTIF(D35:AG35,"I")=0,"",COUNTIF(D35:AG35,"I")) | AK35: =IF(COUNTIF(D35:AG35,"A")=0,"",COUNTIF(D35:AG35,"A")) | AL35: =SUM(AI35:AK35) -> 0 | AN35: 25 | AO35: MUHAMAD FAJAR DWI PUTRA | AP35: L | AQ35: . | BB35: . | BC35: . | BK35: . | BL35: . | BU35: =IF(COUNTIF(AQ35:BT35,".")=0,"",COUNTIF(AQ35:BT35,".")) -> 5 | BV35: =IF(COUNTIF(AQ35:BT35,"S")=0,"",COUNTIF(AQ35:BT35,"S")) | BW35: =IF(COUNTIF(AQ35:BT35,"I")=0,"",COUNTIF(AQ35:BT35,"I")) | BX35: =IF(COUNTIF(AQ35:BT35,"A")=0,"",COUNTIF(AQ35:BT35,"A")) | BY35: =SUM(BV35:BX35) -> 0
A36: 27 | B36: NIRVANAZIA SARWAHITA AJIWARA | C36: P | AH36: =IF(COUNTIF(D36:AG36,".")=0,"",COUNTIF(D36:AG36,".")) | AI36: =IF(COUNTIF(D36:AG36,"S")=0,"",COUNTIF(D36:AG36,"S")) | AJ36: =IF(COUNTIF(D36:AG36,"I")=0,"",COUNTIF(D36:AG36,"I")) | AK36: =IF(COUNTIF(D36:AG36,"A")=0,"",COUNTIF(D36:AG36,"A")) | AL36: =SUM(AI36:AK36) -> 0 | AN36: 26 | AO36: MUHAMAD PAHMI PUTRA SANGGARA | AP36: L | AQ36: s | BB36: . | BC36: . | BK36: . | BL36: . | BU36: =IF(COUNTIF(AQ36:BT36,".")=0,"",COUNTIF(AQ36:BT36,".")) -> 4 | BV36: =IF(COUNTIF(AQ36:BT36,"S")=0,"",COUNTIF(AQ36:BT36,"S")) -> 1 | BW36: =IF(COUNTIF(AQ36:BT36,"I")=0,"",COUNTIF(AQ36:BT36,"I")) | BX36: =IF(COUNTIF(AQ36:BT36,"A")=0,"",COUNTIF(AQ36:BT36,"A")) | BY36: =SUM(BV36:BX36) -> 1
A37: 28 | B37: PARAS SANDERIANA ARDIAN | C37: P | AH37: =IF(COUNTIF(D37:AG37,".")=0,"",COUNTIF(D37:AG37,".")) | AI37: =IF(COUNTIF(D37:AG37,"S")=0,"",COUNTIF(D37:AG37,"S")) | AJ37: =IF(COUNTIF(D37:AG37,"I")=0,"",COUNTIF(D37:AG37,"I")) | AK37: =IF(COUNTIF(D37:AG37,"A")=0,"",COUNTIF(D37:AG37,"A")) | AL37: =SUM(AI37:AK37) -> 0 | AN37: 27 | AO37: MUHAMMAD AZRIL ILHAM | AP37: L | AQ37: . | BB37: . | BC37: . | BK37: . | BL37: s | BU37: =IF(COUNTIF(AQ37:BT37,".")=0,"",COUNTIF(AQ37:BT37,".")) -> 4 | BV37: =IF(COUNTIF(AQ37:BT37,"S")=0,"",COUNTIF(AQ37:BT37,"S")) -> 1 | BW37: =IF(COUNTIF(AQ37:BT37,"I")=0,"",COUNTIF(AQ37:BT37,"I")) | BX37: =IF(COUNTIF(AQ37:BT37,"A")=0,"",COUNTIF(AQ37:BT37,"A")) | BY37: =SUM(BV37:BX37) -> 1
A38: 29 | B38: RAGIL SARASWATI | C38: P | AH38: =IF(COUNTIF(D38:AG38,".")=0,"",COUNTIF(D38:AG38,".")) | AI38: =IF(COUNTIF(D38:AG38,"S")=0,"",COUNTIF(D38:AG38,"S")) | AJ38: =IF(COUNTIF(D38:AG38,"I")=0,"",COUNTIF(D38:AG38,"I")) | AK38: =IF(COUNTIF(D38:AG38,"A")=0,"",COUNTIF(D38:AG38,"A")) | AL38: =SUM(AI38:AK38) -> 0 | AN38: 28 | AO38: MUHAMMAD KAFI AL-FATIH | AP38: L | AQ38: . | BB38: . | BC38: . | BK38: . | BL38: . | BU38: =IF(COUNTIF(AQ38:BT38,".")=0,"",COUNTIF(AQ38:BT38,".")) -> 5 | BV38: =IF(COUNTIF(AQ38:BT38,"S")=0,"",COUNTIF(AQ38:BT38,"S")) | BW38: =IF(COUNTIF(AQ38:BT38,"I")=0,"",COUNTIF(AQ38:BT38,"I")) | BX38: =IF(COUNTIF(AQ38:BT38,"A")=0,"",COUNTIF(AQ38:BT38,"A")) | BY38: =SUM(BV38:BX38) -> 0
A39: 30 | B39: RAJWA DANISWARA RUSPANDI | C39: L | AH39: =IF(COUNTIF(D39:AG39,".")=0,"",COUNTIF(D39:AG39,".")) | AI39: =IF(COUNTIF(D39:AG39,"S")=0,"",COUNTIF(D39:AG39,"S")) | AJ39: =IF(COUNTIF(D39:AG39,"I")=0,"",COUNTIF(D39:AG39,"I")) | AK39: =IF(COUNTIF(D39:AG39,"A")=0,"",COUNTIF(D39:AG39,"A")) | AL39: =SUM(AI39:AK39) -> 0 | AN39: 29 | AO39: MUHAMMAD KARIZA AL FAKHRI | AP39: L | AQ39: . | BB39: . | BC39: . | BK39: s | BL39: . | BU39: =IF(COUNTIF(AQ39:BT39,".")=0,"",COUNTIF(AQ39:BT39,".")) -> 4 | BV39: =IF(COUNTIF(AQ39:BT39,"S")=0,"",COUNTIF(AQ39:BT39,"S")) -> 1 | BW39: =IF(COUNTIF(AQ39:BT39,"I")=0,"",COUNTIF(AQ39:BT39,"I")) | BX39: =IF(COUNTIF(AQ39:BT39,"A")=0,"",COUNTIF(AQ39:BT39,"A")) | BY39: =SUM(BV39:BX39) -> 1
A40: 31 | B40: RITA MAY LUTVIYANI | C40: P | AH40: =IF(COUNTIF(D40:AG40,".")=0,"",COUNTIF(D40:AG40,".")) | AI40: =IF(COUNTIF(D40:AG40,"S")=0,"",COUNTIF(D40:AG40,"S")) | AJ40: =IF(COUNTIF(D40:AG40,"I")=0,"",COUNTIF(D40:AG40,"I")) | AK40: =IF(COUNTIF(D40:AG40,"A")=0,"",COUNTIF(D40:AG40,"A")) | AL40: =SUM(AI40:AK40) -> 0 | AN40: 30 | AO40: MUHAMMAD MAHIN | AP40: L | AQ40: . | BC40: . | BK40: . | BL40: . | BU40: =IF(COUNTIF(AQ40:BT40,".")=0,"",COUNTIF(AQ40:BT40,".")) -> 4 | BV40: =IF(COUNTIF(AQ40:BT40,"S")=0,"",COUNTIF(AQ40:BT40,"S")) | BW40: =IF(COUNTIF(AQ40:BT40,"I")=0,"",COUNTIF(AQ40:BT40,"I")) | BX40: =IF(COUNTIF(AQ40:BT40,"A")=0,"",COUNTIF(AQ40:BT40,"A")) | BY40: =SUM(BV40:BX40) -> 0
A41: 32 | B41: RIZKYTA PRAWINA KUSUMA | C41: P | AH41: =IF(COUNTIF(D41:AG41,".")=0,"",COUNTIF(D41:AG41,".")) | AI41: =IF(COUNTIF(D41:AG41,"S")=0,"",COUNTIF(D41:AG41,"S")) | AJ41: =IF(COUNTIF(D41:AG41,"I")=0,"",COUNTIF(D41:AG41,"I")) | AK41: =IF(COUNTIF(D41:AG41,"A")=0,"",COUNTIF(D41:AG41,"A")) | AL41: =SUM(AI41:AK41) -> 0 | AN41: 31 | AO41: MUHAMMAD WILDAN FIRDAUS | AP41: L | AQ41: . | BB41: . | BC41: . | BK41: . | BL41: . | BU41: =IF(COUNTIF(AQ41:BT41,".")=0,"",COUNTIF(AQ41:BT41,".")) -> 5 | BV41: =IF(COUNTIF(AQ41:BT41,"S")=0,"",COUNTIF(AQ41:BT41,"S")) | BW41: =IF(COUNTIF(AQ41:BT41,"I")=0,"",COUNTIF(AQ41:BT41,"I")) | BX41: =IF(COUNTIF(AQ41:BT41,"A")=0,"",COUNTIF(AQ41:BT41,"A")) | BY41: =SUM(BV41:BX41) -> 0
A42: 33 | B42: RIZQI FEBRIAN | C42: L | AH42: =IF(COUNTIF(D42:AG42,".")=0,"",COUNTIF(D42:AG42,".")) | AI42: =IF(COUNTIF(D42:AG42,"S")=0,"",COUNTIF(D42:AG42,"S")) | AJ42: =IF(COUNTIF(D42:AG42,"I")=0,"",COUNTIF(D42:AG42,"I")) | AK42: =IF(COUNTIF(D42:AG42,"A")=0,"",COUNTIF(D42:AG42,"A")) | AL42: =SUM(AI42:AK42) -> 0 | AN42: 32 | AO42: NAILA DZIKRIA AZMI | AP42: P | AQ42: . | BB42: . | BC42: . | BK42: . | BL42: . | BU42: =IF(COUNTIF(AQ42:BT42,".")=0,"",COUNTIF(AQ42:BT42,".")) -> 5 | BV42: =IF(COUNTIF(AQ42:BT42,"S")=0,"",COUNTIF(AQ42:BT42,"S")) | BW42: =IF(COUNTIF(AQ42:BT42,"I")=0,"",COUNTIF(AQ42:BT42,"I")) | BX42: =IF(COUNTIF(AQ42:BT42,"A")=0,"",COUNTIF(AQ42:BT42,"A")) | BY42: =SUM(BV42:BX42) -> 0
A43: 34 | B43: SANDRIYA EKA ANDANI | C43: L | AH43: =IF(COUNTIF(D43:AG43,".")=0,"",COUNTIF(D43:AG43,".")) | AI43: =IF(COUNTIF(D43:AG43,"S")=0,"",COUNTIF(D43:AG43,"S")) | AJ43: =IF(COUNTIF(D43:AG43,"I")=0,"",COUNTIF(D43:AG43,"I")) | AK43: =IF(COUNTIF(D43:AG43,"A")=0,"",COUNTIF(D43:AG43,"A")) | AL43: =SUM(AI43:AK43) -> 0 | AN43: 33 | AO43: NAJLA DWI MUSTIKA | AP43: P | AQ43: . | BB43: . | BC43: . | BK43: . | BL43: . | BU43: =IF(COUNTIF(AQ43:BT43,".")=0,"",COUNTIF(AQ43:BT43,".")) -> 5 | BV43: =IF(COUNTIF(AQ43:BT43,"S")=0,"",COUNTIF(AQ43:BT43,"S")) | BW43: =IF(COUNTIF(AQ43:BT43,"I")=0,"",COUNTIF(AQ43:BT43,"I")) | BX43: =IF(COUNTIF(AQ43:BT43,"A")=0,"",COUNTIF(AQ43:BT43,"A")) | BY43: =SUM(BV43:BX43) -> 0
A44: 35 | B44: YANUAR DAFFA NUR FAHRYAN | C44: L | AH44: =IF(COUNTIF(D44:AG44,".")=0,"",COUNTIF(D44:AG44,".")) | AI44: =IF(COUNTIF(D44:AG44,"S")=0,"",COUNTIF(D44:AG44,"S")) | AJ44: =IF(COUNTIF(D44:AG44,"I")=0,"",COUNTIF(D44:AG44,"I")) | AK44: =IF(COUNTIF(D44:AG44,"A")=0,"",COUNTIF(D44:AG44,"A")) | AL44: =SUM(AI44:AK44) -> 0 | AN44: 34 | AO44: NANDA FAUZIAH SULISTIO | AP44: P | AQ44: s | BB44: . | BC44: . | BK44: . | BL44: . | BU44: =IF(COUNTIF(AQ44:BT44,".")=0,"",COUNTIF(AQ44:BT44,".")) -> 4 | BV44: =IF(COUNTIF(AQ44:BT44,"S")=0,"",COUNTIF(AQ44:BT44,"S")) -> 1 | BW44: =IF(COUNTIF(AQ44:BT44,"I")=0,"",COUNTIF(AQ44:BT44,"I")) | BX44: =IF(COUNTIF(AQ44:BT44,"A")=0,"",COUNTIF(AQ44:BT44,"A")) | BY44: =SUM(BV44:BX44) -> 1
A45: 36 | B45: YAUZA SASTRA YUSSITA | C45: P | AH45: =IF(COUNTIF(D45:AG45,".")=0,"",COUNTIF(D45:AG45,".")) | AI45: =IF(COUNTIF(D45:AG45,"S")=0,"",COUNTIF(D45:AG45,"S")) | AJ45: =IF(COUNTIF(D45:AG45,"I")=0,"",COUNTIF(D45:AG45,"I")) | AK45: =IF(COUNTIF(D45:AG45,"A")=0,"",COUNTIF(D45:AG45,"A")) | AL45: =SUM(AI45:AK45) -> 0 | AN45: 35 | AO45: NIZAM ALHABSI | AP45: L | AQ45: . | BB45: . | BC45: . | BK45: . | BL45: . | BU45: =IF(COUNTIF(AQ45:BT45,".")=0,"",COUNTIF(AQ45:BT45,".")) -> 5 | BV45: =IF(COUNTIF(AQ45:BT45,"S")=0,"",COUNTIF(AQ45:BT45,"S")) | BW45: =IF(COUNTIF(AQ45:BT45,"I")=0,"",COUNTIF(AQ45:BT45,"I")) | BX45: =IF(COUNTIF(AQ45:BT45,"A")=0,"",COUNTIF(AQ45:BT45,"A")) | BY45: =SUM(BV45:BX45) -> 0
A46: 37 | AH46: =IF(COUNTIF(D46:AG46,".")=0,"",COUNTIF(D46:AG46,".")) | AI46: =IF(COUNTIF(D46:AG46,"S")=0,"",COUNTIF(D46:AG46,"S")) | AJ46: =IF(COUNTIF(D46:AG46,"I")=0,"",COUNTIF(D46:AG46,"I")) | AK46: =IF(COUNTIF(D46:AG46,"A")=0,"",COUNTIF(D46:AG46,"A")) | AL46: =SUM(AI46:AK46) -> 0 | AN46: 36 | AO46: PASCALIA PUTRI ISMAYA | AP46: P | AQ46: . | BB46: . | BC46: . | BK46: . | BL46: . | BU46: =IF(COUNTIF(AQ46:BT46,".")=0,"",COUNTIF(AQ46:BT46,".")) -> 5 | BV46: =IF(COUNTIF(AQ46:BT46,"S")=0,"",COUNTIF(AQ46:BT46,"S")) | BW46: =IF(COUNTIF(AQ46:BT46,"I")=0,"",COUNTIF(AQ46:BT46,"I")) | BX46: =IF(COUNTIF(AQ46:BT46,"A")=0,"",COUNTIF(AQ46:BT46,"A")) | BY46: =SUM(BV46:BX46) -> 0
A47: 38 | AH47: =IF(COUNTIF(D47:AG47,".")=0,"",COUNTIF(D47:AG47,".")) | AI47: =IF(COUNTIF(D47:AG47,"S")=0,"",COUNTIF(D47:AG47,"S")) | AJ47: =IF(COUNTIF(D47:AG47,"I")=0,"",COUNTIF(D47:AG47,"I")) | AK47: =IF(COUNTIF(D47:AG47,"A")=0,"",COUNTIF(D47:AG47,"A")) | AL47: =SUM(AI47:AK47) -> 0 | AN47: 37 | AO47: PUTRI AULIA | AP47: P | AQ47: . | BB47: . | BC47: . | BK47: . | BL47: . | BU47: =IF(COUNTIF(AQ47:BT47,".")=0,"",COUNTIF(AQ47:BT47,".")) -> 5 | BV47: =IF(COUNTIF(AQ47:BT47,"S")=0,"",COUNTIF(AQ47:BT47,"S")) | BW47: =IF(COUNTIF(AQ47:BT47,"I")=0,"",COUNTIF(AQ47:BT47,"I")) | BX47: =IF(COUNTIF(AQ47:BT47,"A")=0,"",COUNTIF(AQ47:BT47,"A")) | BY47: =SUM(BV47:BX47) -> 0
A48: 39 | AH48: =IF(COUNTIF(D48:AG48,".")=0,"",COUNTIF(D48:AG48,".")) | AI48: =IF(COUNTIF(D48:AG48,"S")=0,"",COUNTIF(D48:AG48,"S")) | AJ48: =IF(COUNTIF(D48:AG48,"I")=0,"",COUNTIF(D48:AG48,"I")) | AK48: =IF(COUNTIF(D48:AG48,"A")=0,"",COUNTIF(D48:AG48,"A")) | AL48: =SUM(AI48:AK48) -> 0 | AN48: 38 | AO48: REDI RAHMANA | AP48: L | AQ48: . | BB48: . | BC48: . | BK48: . | BL48: . | BU48: =IF(COUNTIF(AQ48:BT48,".")=0,"",COUNTIF(AQ48:BT48,".")) -> 5 | BV48: =IF(COUNTIF(AQ48:BT48,"S")=0,"",COUNTIF(AQ48:BT48,"S")) | BW48: =IF(COUNTIF(AQ48:BT48,"I")=0,"",COUNTIF(AQ48:BT48,"I")) | BX48: =IF(COUNTIF(AQ48:BT48,"A")=0,"",COUNTIF(AQ48:BT48,"A")) | BY48: =SUM(BV48:BX48) -> 0
A49: 40 | AH49: =IF(COUNTIF(D49:AG49,".")=0,"",COUNTIF(D49:AG49,".")) | AI49: =IF(COUNTIF(D49:AG49,"S")=0,"",COUNTIF(D49:AG49,"S")) | AJ49: =IF(COUNTIF(D49:AG49,"I")=0,"",COUNTIF(D49:AG49,"I")) | AK49: =IF(COUNTIF(D49:AG49,"A")=0,"",COUNTIF(D49:AG49,"A")) | AL49: =SUM(AI49:AK49) -> 0 | AN49: 39 | AO49: REYSHA PERMATA KASIH | AP49: P | AQ49: . | BB49: . | BC49: . | BK49: . | BL49: . | BU49: =IF(COUNTIF(AQ49:BT49,".")=0,"",COUNTIF(AQ49:BT49,".")) -> 5 | BV49: =IF(COUNTIF(AQ49:BT49,"S")=0,"",COUNTIF(AQ49:BT49,"S")) | BW49: =IF(COUNTIF(AQ49:BT49,"I")=0,"",COUNTIF(AQ49:BT49,"I")) | BX49: =IF(COUNTIF(AQ49:BT49,"A")=0,"",COUNTIF(AQ49:BT49,"A")) | BY49: =SUM(BV49:BX49) -> 0
A50: 41 | AH50: =IF(COUNTIF(D50:AG50,".")=0,"",COUNTIF(D50:AG50,".")) | AI50: =IF(COUNTIF(D50:AG50,"S")=0,"",COUNTIF(D50:AG50,"S")) | AJ50: =IF(COUNTIF(D50:AG50,"I")=0,"",COUNTIF(D50:AG50,"I")) | AK50: =IF(COUNTIF(D50:AG50,"A")=0,"",COUNTIF(D50:AG50,"A")) | AL50: =SUM(AI50:AK50) -> 0 | AN50: 40 | AO50: SAKHA FAWWAZUL FIKRI | AP50: L | AQ50: . | BB50: . | BC50: . | BK50: . | BL50: s | BU50: =IF(COUNTIF(AQ50:BT50,".")=0,"",COUNTIF(AQ50:BT50,".")) -> 4 | BV50: =IF(COUNTIF(AQ50:BT50,"S")=0,"",COUNTIF(AQ50:BT50,"S")) -> 1 | BW50: =IF(COUNTIF(AQ50:BT50,"I")=0,"",COUNTIF(AQ50:BT50,"I")) | BX50: =IF(COUNTIF(AQ50:BT50,"A")=0,"",COUNTIF(AQ50:BT50,"A")) | BY50: =SUM(BV50:BX50) -> 1
A51: 42 | AH51: =IF(COUNTIF(D51:AG51,".")=0,"",COUNTIF(D51:AG51,".")) | AI51: =IF(COUNTIF(D51:AG51,"S")=0,"",COUNTIF(D51:AG51,"S")) | AJ51: =IF(COUNTIF(D51:AG51,"I")=0,"",COUNTIF(D51:AG51,"I")) | AK51: =IF(COUNTIF(D51:AG51,"A")=0,"",COUNTIF(D51:AG51,"A")) | AL51: =SUM(AI51:AK51) -> 0 | AN51: 41 | AO51: SYABIL FAUZAN ALTAAF | AP51: L | AQ51: s | BB51: . | BC51: . | BK51: . | BL51: . | BU51: =IF(COUNTIF(AQ51:BT51,".")=0,"",COUNTIF(AQ51:BT51,".")) -> 4 | BV51: =IF(COUNTIF(AQ51:BT51,"S")=0,"",COUNTIF(AQ51:BT51,"S")) -> 1 | BW51: =IF(COUNTIF(AQ51:BT51,"I")=0,"",COUNTIF(AQ51:BT51,"I")) | BX51: =IF(COUNTIF(AQ51:BT51,"A")=0,"",COUNTIF(AQ51:BT51,"A")) | BY51: =SUM(BV51:BX51) -> 1
A52: 44 | AH52: =IF(COUNTIF(D52:AG52,".")=0,"",COUNTIF(D52:AG52,".")) | AI52: =IF(COUNTIF(D52:AG52,"S")=0,"",COUNTIF(D52:AG52,"S")) | AJ52: =IF(COUNTIF(D52:AG52,"I")=0,"",COUNTIF(D52:AG52,"I")) | AK52: =IF(COUNTIF(D52:AG52,"A")=0,"",COUNTIF(D52:AG52,"A")) | AL52: =SUM(AI52:AK52) -> 0 | AN52: 42 | AO52: TIARA SILVIA | AP52: P | AQ52: . | BB52: . | BC52: . | BK52: . | BL52: . | BU52: =IF(COUNTIF(AQ52:BT52,".")=0,"",COUNTIF(AQ52:BT52,".")) -> 5 | BV52: =IF(COUNTIF(AQ52:BT52,"S")=0,"",COUNTIF(AQ52:BT52,"S")) | BW52: =IF(COUNTIF(AQ52:BT52,"I")=0,"",COUNTIF(AQ52:BT52,"I")) | BX52: =IF(COUNTIF(AQ52:BT52,"A")=0,"",COUNTIF(AQ52:BT52,"A")) | BY52: =SUM(BV52:BX52) -> 0
A53: 45 | AH53: =IF(COUNTIF(D53:AG53,".")=0,"",COUNTIF(D53:AG53,".")) | AI53: =IF(COUNTIF(D53:AG53,"S")=0,"",COUNTIF(D53:AG53,"S")) | AJ53: =IF(COUNTIF(D53:AG53,"I")=0,"",COUNTIF(D53:AG53,"I")) | AK53: =IF(COUNTIF(D53:AG53,"A")=0,"",COUNTIF(D53:AG53,"A")) | AL53: =SUM(AI53:AK53) -> 0 | AN53: 43 | AO53: TRINANSYAH WIDYANA | AP53: L | AQ53: . | BB53: . | BC53: . | BK53: . | BL53: . | BU53: =IF(COUNTIF(AQ53:BT53,".")=0,"",COUNTIF(AQ53:BT53,".")) -> 5 | BV53: =IF(COUNTIF(AQ53:BT53,"S")=0,"",COUNTIF(AQ53:BT53,"S")) | BW53: =IF(COUNTIF(AQ53:BT53,"I")=0,"",COUNTIF(AQ53:BT53,"I")) | BX53: =IF(COUNTIF(AQ53:BT53,"A")=0,"",COUNTIF(AQ53:BT53,"A")) | BY53: =SUM(BV53:BX53) -> 0
A54: 46 | AH54: =IF(COUNTIF(D54:AG54,".")=0,"",COUNTIF(D54:AG54,".")) | AI54: =IF(COUNTIF(D54:AG54,"S")=0,"",COUNTIF(D54:AG54,"S")) | AJ54: =IF(COUNTIF(D54:AG54,"I")=0,"",COUNTIF(D54:AG54,"I")) | AK54: =IF(COUNTIF(D54:AG54,"A")=0,"",COUNTIF(D54:AG54,"A")) | AL54: =SUM(AI54:AK54) -> 0 | AN54: 44 | AO54: WENDRIK ISMAIL | AP54: L | AQ54: . | BB54: . | BC54: . | BK54: . | BL54: . | BU54: =IF(COUNTIF(AQ54:BT54,".")=0,"",COUNTIF(AQ54:BT54,".")) -> 5 | BV54: =IF(COUNTIF(AQ54:BT54,"S")=0,"",COUNTIF(AQ54:BT54,"S")) | BW54: =IF(COUNTIF(AQ54:BT54,"I")=0,"",COUNTIF(AQ54:BT54,"I")) | BX54: =IF(COUNTIF(AQ54:BT54,"A")=0,"",COUNTIF(AQ54:BT54,"A")) | BY54: =SUM(BV54:BX54) -> 0
A55: 47 | AH55: =IF(COUNTIF(D55:AG55,".")=0,"",COUNTIF(D55:AG55,".")) | AI55: =IF(COUNTIF(D55:AG55,"S")=0,"",COUNTIF(D55:AG55,"S")) | AJ55: =IF(COUNTIF(D55:AG55,"I")=0,"",COUNTIF(D55:AG55,"I")) | AK55: =IF(COUNTIF(D55:AG55,"A")=0,"",COUNTIF(D55:AG55,"A")) | AL55: =SUM(AI55:AK55) -> 0 | AN55: 45 | AO55: YUSUF NAUFAL HABIBI | AP55: L | AQ55: . | BB55: . | BC55: . | BK55: . | BL55: . | BU55: =IF(COUNTIF(AQ55:BT55,".")=0,"",COUNTIF(AQ55:BT55,".")) -> 5 | BV55: =IF(COUNTIF(AQ55:BT55,"S")=0,"",COUNTIF(AQ55:BT55,"S")) | BW55: =IF(COUNTIF(AQ55:BT55,"I")=0,"",COUNTIF(AQ55:BT55,"I")) | BX55: =IF(COUNTIF(AQ55:BT55,"A")=0,"",COUNTIF(AQ55:BT55,"A")) | BY55: =SUM(BV55:BX55) -> 0
A56: 48 | AH56: =IF(COUNTIF(D56:AG56,".")=0,"",COUNTIF(D56:AG56,".")) | AI56: =IF(COUNTIF(D56:AG56,"S")=0,"",COUNTIF(D56:AG56,"S")) | AJ56: =IF(COUNTIF(D56:AG56,"I")=0,"",COUNTIF(D56:AG56,"I")) | AK56: =IF(COUNTIF(D56:AG56,"A")=0,"",COUNTIF(D56:AG56,"A")) | AL56: =SUM(AI56:AK56) -> 0 | AN56: 46 | AO56: ZAHIRA NAFISSA | AP56: P | AQ56: . | BB56: . | BC56: . | BK56: . | BL56: . | BU56: =IF(COUNTIF(AQ56:BT56,".")=0,"",COUNTIF(AQ56:BT56,".")) -> 5 | BV56: =IF(COUNTIF(AQ56:BT56,"S")=0,"",COUNTIF(AQ56:BT56,"S")) | BW56: =IF(COUNTIF(AQ56:BT56,"I")=0,"",COUNTIF(AQ56:BT56,"I")) | BX56: =IF(COUNTIF(AQ56:BT56,"A")=0,"",COUNTIF(AQ56:BT56,"A")) | BY56: =SUM(BV56:BX56) -> 0
A57: 49 | AH57: =IF(COUNTIF(D57:AG57,".")=0,"",COUNTIF(D57:AG57,".")) | AI57: =IF(COUNTIF(D57:AG57,"S")=0,"",COUNTIF(D57:AG57,"S")) | AJ57: =IF(COUNTIF(D57:AG57,"I")=0,"",COUNTIF(D57:AG57,"I")) | AK57: =IF(COUNTIF(D57:AG57,"A")=0,"",COUNTIF(D57:AG57,"A")) | AL57: =SUM(AI57:AK57) -> 0 | AN57: 47 | AO57: =CONCATENATE(B57) | AP57: =CONCATENATE(C57) | BU57: =IF(COUNTIF(AQ57:BT57,".")=0,"",COUNTIF(AQ57:BT57,".")) | BV57: =IF(COUNTIF(AQ57:BT57,"S")=0,"",COUNTIF(AQ57:BT57,"S")) | BW57: =IF(COUNTIF(AQ57:BT57,"I")=0,"",COUNTIF(AQ57:BT57,"I")) | BX57: =IF(COUNTIF(AQ57:BT57,"A")=0,"",COUNTIF(AQ57:BT57,"A")) | BY57: =SUM(BV57:BX57) -> 0
A58: 50 | AH58: =IF(COUNTIF(D58:AG58,".")=0,"",COUNTIF(D58:AG58,".")) | AI58: =IF(COUNTIF(D58:AG58,"S")=0,"",COUNTIF(D58:AG58,"S")) | AJ58: =IF(COUNTIF(D58:AG58,"I")=0,"",COUNTIF(D58:AG58,"I")) | AK58: =IF(COUNTIF(D58:AG58,"A")=0,"",COUNTIF(D58:AG58,"A")) | AL58: =SUM(AI58:AK58) -> 0 | AN58: 48 | AO58: =CONCATENATE(B58) | AP58: =CONCATENATE(C58) | BU58: =IF(COUNTIF(AQ58:BT58,".")=0,"",COUNTIF(AQ58:BT58,".")) | BV58: =IF(COUNTIF(AQ58:BT58,"S")=0,"",COUNTIF(AQ58:BT58,"S")) | BW58: =IF(COUNTIF(AQ58:BT58,"I")=0,"",COUNTIF(AQ58:BT58,"I")) | BX58: =IF(COUNTIF(AQ58:BT58,"A")=0,"",COUNTIF(AQ58:BT58,"A")) | BY58: =SUM(BV58:BX58) -> 0
B60: Jumlah Siswa : | G60: Mengetahui, | AH60: =#REF! -> #REF! | AO60: =CONCATENATE(B60) -> Jumlah Siswa : | AT60: =CONCATENATE(G60) -> Mengetahui, | BU60: ='Jurnal 10-5'!F106 -> Bandung, Oktober 2026
B61: Laki-laki | C61: =COUNTIF(C11:C58,"L") -> 22 | G61: =#REF! -> #REF! | AH61: =#REF! -> #REF! | AO61: =CONCATENATE(B61) -> Laki-laki | AP61: =COUNTIF(AP11:AP58,"L") -> 22 | AT61: ='Jurnal 10-5'!B107 -> Wali Kelas | BU61: ='Jurnal 10-5'!F107 -> Guru Mata Pelajaran
B62: Perempuan | C62: =COUNTIF(C11:C58,"P") -> 13 | AO62: =CONCATENATE(B62) -> Perempuan | AP62: =COUNTIF(AP11:AP58,"P") -> 24
B63: Total | C63: =SUM(C61:C62) -> 35 | AO63: =CONCATENATE(B63) -> Total | AP63: =SUM(AP61:AP62) -> 46
G65: =#REF! -> #REF! | AH65: =#REF! -> #REF! | AT65: ='Jurnal 10-5'!B111 -> Moch. Maulana Hidayat, S.Pd. | BU65: ='Jurnal 10-5'!F111 -> AHMAD NURSYIFA, S.Kom.
G66: =#REF! -> #REF! | AH66: =#REF! -> #REF! | AT66: ='Jurnal 10-5'!B112 -> NIP. 199011162024211011 | BU66: ='Jurnal 10-5'!F112 -> NIP. -
A67: =A1 -> DAFTAR HADIR SISWA | B67: =B1 -> 0 | C67: =C1 -> 0 | D67: =D1 -> 0 | E67: =E1 -> 0 | F67: =F1 -> 0 | G67: =G1 -> 0 | H67: =H1 -> 0 | ... AL67: =AL1 -> 0 | AN67: =A67 -> DAFTAR HADIR SISWA
A68: =A2 -> SMA NEGERI 15 KOTA BANDUNG | B68: =B2 -> 0 | C68: =C2 -> 0 | D68: =D2 -> 0 | E68: =E2 -> 0 | F68: =F2 -> 0 | G68: =G2 -> 0 | H68: =H2 -> 0 | ... AL68: =AL2 -> 0 | AN68: =A68 -> SMA NEGERI 15 KOTA BANDUNG
A69: =A3 -> #REF! | B69: =B3 -> 0 | C69: =C3 -> 0 | D69: =D3 -> 0 | E69: =E3 -> 0 | F69: =F3 -> 0 | G69: =G3 -> 0 | H69: =H3 -> 0 | ... AL69: =AL3 -> 0 | AN69: =A69 -> #REF!
B72: Kelas | C72: =C6 -> 11-5 | AH72: Semester | AI72: 2 (Genap) | AO72: Kelas | AP72: =C72 -> 11-5 | BU72: Semester | BV72: =AI72 -> 2 (Genap)
A74: =A8 -> No | B74: =B8 -> Nama | C74: =C8 -> JK | D74: =D8 -> Tanggal | E74: =E8 -> 0 | F74: =F8 -> 0 | G74: =G8 -> 0 | H74: =H8 -> 0 | ... AL74: =AL8 -> 0 | AN74: No | AO74: Nama | AP74: JK | AQ74: Tanggal | BU74: Jumlah Hadir | BV74: Jumlah Ketidak Hadiran
A75: =A9 -> 0 | B75: =B9 -> 0 | C75: =C9 -> 0 | D75: =IF(AI72="1 (Ganjil)","Juli "&MID(#REF!,1,4),"Januari "&MID(#REF!,6,4)) -> #REF! | N75: =IF(AI72="1 (Ganjil)","Agustus "&MID(#REF!,1,4),"Februari "&MID(#REF!,6,4)) -> #REF! | X75: =IF(AI72="1 (Ganjil)","September "&MID(#REF!,1,4),"Maret "&MID(#REF!,6,4)) -> #REF! | AH75: =AH9 -> 0 | AI75: =AI9 -> 0 | AJ75: =AJ9 -> 0 | AK75: =AK9 -> 0 | AL75: =AL9 -> 0 | AQ75: =IF(AI72="1 (Ganjil)","Oktober "&MID(#REF!,1,4),"April "&MID(#REF!,6,4)) -> #REF! | BA75: =IF(AI72="1 (Ganjil)","November "&MID(#REF!,1,4),"Mei "&MID(#REF!,6,4)) -> #REF! | BK75: =IF(AI72="1 (Ganjil)","Desember "&MID(#REF!,1,4),"Juni "&MID(#REF!,6,4)) -> #REF!
A76: =A10 -> 0 | B76: =B10 -> 0 | C76: =C10 -> 0 | AH76: =AH10 -> 0 | AI76: =AI10 -> Sakit | AJ76: =AJ10 -> Ijin | AK76: =AK10 -> Alfa | AL76: =AL10 -> Total | BV76: Sakit | BW76: Ijin | BX76: Alfa | BY76: Total
A77: =A11 -> 1 | B77: =B11 -> ALYA AZ-ZAHRA | C77: =C11 -> P | AH77: =IF(COUNTIF(D77:AG77,".")=0,"",COUNTIF(D77:AG77,".")) | AI77: =IF(COUNTIF(D77:AG77,"S")=0,"",COUNTIF(D77:AG77,"S")) | AJ77: =IF(COUNTIF(D77:AG77,"I")=0,"",COUNTIF(D77:AG77,"I")) | AK77: =IF(COUNTIF(D77:AG77,"A")=0,"",COUNTIF(D77:AG77,"A")) | AL77: =SUM(AI77:AK77) -> 0 | AN77: 1 | AO77: =IF(B77="","",B77) -> ALYA AZ-ZAHRA | AP77: =IF(C77="","",C77) -> P | BU77: =IF(COUNTIF(AQ77:BT77,".")=0,"",COUNTIF(AQ77:BT77,".")) | BV77: =IF(COUNTIF(AQ77:BT77,"S")=0,"",COUNTIF(AQ77:BT77,"S")) | BW77: =IF(COUNTIF(AQ77:BT77,"I")=0,"",COUNTIF(AQ77:BT77,"I")) | BX77: =IF(COUNTIF(AQ77:BT77,"A")=0,"",COUNTIF(AQ77:BT77,"A")) | BY77: =SUM(BV77:BX77) -> 0
A78: =A12 -> 2 | B78: =B12 -> ARFA RAZIQ ADAM | C78: =C12 -> L | AH78: =IF(COUNTIF(D78:AG78,".")=0,"",COUNTIF(D78:AG78,".")) | AI78: =IF(COUNTIF(D78:AG78,"S")=0,"",COUNTIF(D78:AG78,"S")) | AJ78: =IF(COUNTIF(D78:AG78,"I")=0,"",COUNTIF(D78:AG78,"I")) | AK78: =IF(COUNTIF(D78:AG78,"A")=0,"",COUNTIF(D78:AG78,"A")) | AL78: =SUM(AI78:AK78) -> 0 | AN78: 2 | AO78: =IF(B78="","",B78) -> ARFA RAZIQ ADAM | AP78: =IF(C78="","",C78) -> L | BU78: =IF(COUNTIF(AQ78:BT78,".")=0,"",COUNTIF(AQ78:BT78,".")) | BV78: =IF(COUNTIF(AQ78:BT78,"S")=0,"",COUNTIF(AQ78:BT78,"S")) | BW78: =IF(COUNTIF(AQ78:BT78,"I")=0,"",COUNTIF(AQ78:BT78,"I")) | BX78: =IF(COUNTIF(AQ78:BT78,"A")=0,"",COUNTIF(AQ78:BT78,"A")) | BY78: =SUM(BV78:BX78) -> 0
A79: =A13 -> 3 | B79: =B13 -> ARGADITYA RAHMAN HIRACAHYA | C79: =C13 -> L | AH79: =IF(COUNTIF(D79:AG79,".")=0,"",COUNTIF(D79:AG79,".")) | AI79: =IF(COUNTIF(D79:AG79,"S")=0,"",COUNTIF(D79:AG79,"S")) | AJ79: =IF(COUNTIF(D79:AG79,"I")=0,"",COUNTIF(D79:AG79,"I")) | AK79: =IF(COUNTIF(D79:AG79,"A")=0,"",COUNTIF(D79:AG79,"A")) | AL79: =SUM(AI79:AK79) -> 0 | AN79: 3 | AO79: =IF(B79="","",B79) -> ARGADITYA RAHMAN HIRACAHYA | AP79: =IF(C79="","",C79) -> L | BU79: =IF(COUNTIF(AQ79:BT79,".")=0,"",COUNTIF(AQ79:BT79,".")) | BV79: =IF(COUNTIF(AQ79:BT79,"S")=0,"",COUNTIF(AQ79:BT79,"S")) | BW79: =IF(COUNTIF(AQ79:BT79,"I")=0,"",COUNTIF(AQ79:BT79,"I")) | BX79: =IF(COUNTIF(AQ79:BT79,"A")=0,"",COUNTIF(AQ79:BT79,"A")) | BY79: =SUM(BV79:BX79) -> 0
A80: =A14 -> 4 | B80: =B14 -> DAVIN RAISYA PRATAMA | C80: =C14 -> L | AH80: =IF(COUNTIF(D80:AG80,".")=0,"",COUNTIF(D80:AG80,".")) | AI80: =IF(COUNTIF(D80:AG80,"S")=0,"",COUNTIF(D80:AG80,"S")) | AJ80: =IF(COUNTIF(D80:AG80,"I")=0,"",COUNTIF(D80:AG80,"I")) | AK80: =IF(COUNTIF(D80:AG80,"A")=0,"",COUNTIF(D80:AG80,"A")) | AL80: =SUM(AI80:AK80) -> 0 | AN80: 4 | AO80: =IF(B80="","",B80) -> DAVIN RAISYA PRATAMA | AP80: =IF(C80="","",C80) -> L | BU80: =IF(COUNTIF(AQ80:BT80,".")=0,"",COUNTIF(AQ80:BT80,".")) | BV80: =IF(COUNTIF(AQ80:BT80,"S")=0,"",COUNTIF(AQ80:BT80,"S")) | BW80: =IF(COUNTIF(AQ80:BT80,"I")=0,"",COUNTIF(AQ80:BT80,"I")) | BX80: =IF(COUNTIF(AQ80:BT80,"A")=0,"",COUNTIF(AQ80:BT80,"A")) | BY80: =SUM(BV80:BX80) -> 0
A81: =A15 -> 5 | B81: =B15 -> DAVINA CHERRYL AGIESYA | C81: =C15 -> P | AH81: =IF(COUNTIF(D81:AG81,".")=0,"",COUNTIF(D81:AG81,".")) | AI81: =IF(COUNTIF(D81:AG81,"S")=0,"",COUNTIF(D81:AG81,"S")) | AJ81: =IF(COUNTIF(D81:AG81,"I")=0,"",COUNTIF(D81:AG81,"I")) | AK81: =IF(COUNTIF(D81:AG81,"A")=0,"",COUNTIF(D81:AG81,"A")) | AL81: =SUM(AI81:AK81) -> 0 | AN81: 5 | AO81: =IF(B81="","",B81) -> DAVINA CHERRYL AGIESYA | AP81: =IF(C81="","",C81) -> P | BU81: =IF(COUNTIF(AQ81:BT81,".")=0,"",COUNTIF(AQ81:BT81,".")) | BV81: =IF(COUNTIF(AQ81:BT81,"S")=0,"",COUNTIF(AQ81:BT81,"S")) | BW81: =IF(COUNTIF(AQ81:BT81,"I")=0,"",COUNTIF(AQ81:BT81,"I")) | BX81: =IF(COUNTIF(AQ81:BT81,"A")=0,"",COUNTIF(AQ81:BT81,"A")) | BY81: =SUM(BV81:BX81) -> 0
A82: =A16 -> 6 | B82: =B16 -> FARHAN GARNADI | C82: =C16 -> L | AH82: =IF(COUNTIF(D82:AG82,".")=0,"",COUNTIF(D82:AG82,".")) | AI82: =IF(COUNTIF(D82:AG82,"S")=0,"",COUNTIF(D82:AG82,"S")) | AJ82: =IF(COUNTIF(D82:AG82,"I")=0,"",COUNTIF(D82:AG82,"I")) | AK82: =IF(COUNTIF(D82:AG82,"A")=0,"",COUNTIF(D82:AG82,"A")) | AL82: =SUM(AI82:AK82) -> 0 | AN82: 6 | AO82: =IF(B82="","",B82) -> FARHAN GARNADI | AP82: =IF(C82="","",C82) -> L | BU82: =IF(COUNTIF(AQ82:BT82,".")=0,"",COUNTIF(AQ82:BT82,".")) | BV82: =IF(COUNTIF(AQ82:BT82,"S")=0,"",COUNTIF(AQ82:BT82,"S")) | BW82: =IF(COUNTIF(AQ82:BT82,"I")=0,"",COUNTIF(AQ82:BT82,"I")) | BX82: =IF(COUNTIF(AQ82:BT82,"A")=0,"",COUNTIF(AQ82:BT82,"A")) | BY82: =SUM(BV82:BX82) -> 0
A83: =A17 -> 7 | B83: =B17 -> FARID NAUFAL IDLAN | C83: =C17 -> L | AH83: =IF(COUNTIF(D83:AG83,".")=0,"",COUNTIF(D83:AG83,".")) | AI83: =IF(COUNTIF(D83:AG83,"S")=0,"",COUNTIF(D83:AG83,"S")) | AJ83: =IF(COUNTIF(D83:AG83,"I")=0,"",COUNTIF(D83:AG83,"I")) | AK83: =IF(COUNTIF(D83:AG83,"A")=0,"",COUNTIF(D83:AG83,"A")) | AL83: =SUM(AI83:AK83) -> 0 | AN83: 7 | AO83: =IF(B83="","",B83) -> FARID NAUFAL IDLAN | AP83: =IF(C83="","",C83) -> L | BU83: =IF(COUNTIF(AQ83:BT83,".")=0,"",COUNTIF(AQ83:BT83,".")) | BV83: =IF(COUNTIF(AQ83:BT83,"S")=0,"",COUNTIF(AQ83:BT83,"S")) | BW83: =IF(COUNTIF(AQ83:BT83,"I")=0,"",COUNTIF(AQ83:BT83,"I")) | BX83: =IF(COUNTIF(AQ83:BT83,"A")=0,"",COUNTIF(AQ83:BT83,"A")) | BY83: =SUM(BV83:BX83) -> 0
A84: =A18 -> 8 | B84: =B18 -> FRESHA INDAH ELVIANNISA | C84: =C18 -> P | AH84: =IF(COUNTIF(D84:AG84,".")=0,"",COUNTIF(D84:AG84,".")) | AI84: =IF(COUNTIF(D84:AG84,"S")=0,"",COUNTIF(D84:AG84,"S")) | AJ84: =IF(COUNTIF(D84:AG84,"I")=0,"",COUNTIF(D84:AG84,"I")) | AK84: =IF(COUNTIF(D84:AG84,"A")=0,"",COUNTIF(D84:AG84,"A")) | AL84: =SUM(AI84:AK84) -> 0 | AN84: 8 | AO84: =IF(B84="","",B84) -> FRESHA INDAH ELVIANNISA | AP84: =IF(C84="","",C84) -> P | BU84: =IF(COUNTIF(AQ84:BT84,".")=0,"",COUNTIF(AQ84:BT84,".")) | BV84: =IF(COUNTIF(AQ84:BT84,"S")=0,"",COUNTIF(AQ84:BT84,"S")) | BW84: =IF(COUNTIF(AQ84:BT84,"I")=0,"",COUNTIF(AQ84:BT84,"I")) | BX84: =IF(COUNTIF(AQ84:BT84,"A")=0,"",COUNTIF(AQ84:BT84,"A")) | BY84: =SUM(BV84:BX84) -> 0
A85: =A19 -> 9 | B85: =B19 -> GHANI YAZID KHAIRI | C85: =C19 -> L | AH85: =IF(COUNTIF(D85:AG85,".")=0,"",COUNTIF(D85:AG85,".")) | AI85: =IF(COUNTIF(D85:AG85,"S")=0,"",COUNTIF(D85:AG85,"S")) | AJ85: =IF(COUNTIF(D85:AG85,"I")=0,"",COUNTIF(D85:AG85,"I")) | AK85: =IF(COUNTIF(D85:AG85,"A")=0,"",COUNTIF(D85:AG85,"A")) | AL85: =SUM(AI85:AK85) -> 0 | AN85: 9 | AO85: =IF(B85="","",B85) -> GHANI YAZID KHAIRI | AP85: =IF(C85="","",C85) -> L | BU85: =IF(COUNTIF(AQ85:BT85,".")=0,"",COUNTIF(AQ85:BT85,".")) | BV85: =IF(COUNTIF(AQ85:BT85,"S")=0,"",COUNTIF(AQ85:BT85,"S")) | BW85: =IF(COUNTIF(AQ85:BT85,"I")=0,"",COUNTIF(AQ85:BT85,"I")) | BX85: =IF(COUNTIF(AQ85:BT85,"A")=0,"",COUNTIF(AQ85:BT85,"A")) | BY85: =SUM(BV85:BX85) -> 0
A86: =A20 -> 10 | B86: =B20 -> GUSNI RAMADHANI | C86: =C20 -> L | AH86: =IF(COUNTIF(D86:AG86,".")=0,"",COUNTIF(D86:AG86,".")) | AI86: =IF(COUNTIF(D86:AG86,"S")=0,"",COUNTIF(D86:AG86,"S")) | AJ86: =IF(COUNTIF(D86:AG86,"I")=0,"",COUNTIF(D86:AG86,"I")) | AK86: =IF(COUNTIF(D86:AG86,"A")=0,"",COUNTIF(D86:AG86,"A")) | AL86: =SUM(AI86:AK86) -> 0 | AN86: 10 | AO86: =IF(B86="","",B86) -> GUSNI RAMADHANI | AP86: =IF(C86="","",C86) -> L | BU86: =IF(COUNTIF(AQ86:BT86,".")=0,"",COUNTIF(AQ86:BT86,".")) | BV86: =IF(COUNTIF(AQ86:BT86,"S")=0,"",COUNTIF(AQ86:BT86,"S")) | BW86: =IF(COUNTIF(AQ86:BT86,"I")=0,"",COUNTIF(AQ86:BT86,"I")) | BX86: =IF(COUNTIF(AQ86:BT86,"A")=0,"",COUNTIF(AQ86:BT86,"A")) | BY86: =SUM(BV86:BX86) -> 0
A87: =A21 -> 11 | B87: =B21 -> HANIEF AWWAL ABDILLAH | C87: =C21 -> L | AH87: =IF(COUNTIF(D87:AG87,".")=0,"",COUNTIF(D87:AG87,".")) | AI87: =IF(COUNTIF(D87:AG87,"S")=0,"",COUNTIF(D87:AG87,"S")) | AJ87: =IF(COUNTIF(D87:AG87,"I")=0,"",COUNTIF(D87:AG87,"I")) | AK87: =IF(COUNTIF(D87:AG87,"A")=0,"",COUNTIF(D87:AG87,"A")) | AL87: =SUM(AI87:AK87) -> 0 | AN87: 11 | AO87: =IF(B87="","",B87) -> HANIEF AWWAL ABDILLAH | AP87: =IF(C87="","",C87) -> L | BU87: =IF(COUNTIF(AQ87:BT87,".")=0,"",COUNTIF(AQ87:BT87,".")) | BV87: =IF(COUNTIF(AQ87:BT87,"S")=0,"",COUNTIF(AQ87:BT87,"S")) | BW87: =IF(COUNTIF(AQ87:BT87,"I")=0,"",COUNTIF(AQ87:BT87,"I")) | BX87: =IF(COUNTIF(AQ87:BT87,"A")=0,"",COUNTIF(AQ87:BT87,"A")) | BY87: =SUM(BV87:BX87) -> 0
A88: =A22 -> 12 | B88: =B22 -> JIBRIL AL FAUZAN PURNADI | C88: =C22 -> L | AH88: =IF(COUNTIF(D88:AG88,".")=0,"",COUNTIF(D88:AG88,".")) | AI88: =IF(COUNTIF(D88:AG88,"S")=0,"",COUNTIF(D88:AG88,"S")) | AJ88: =IF(COUNTIF(D88:AG88,"I")=0,"",COUNTIF(D88:AG88,"I")) | AK88: =IF(COUNTIF(D88:AG88,"A")=0,"",COUNTIF(D88:AG88,"A")) | AL88: =SUM(AI88:AK88) -> 0 | AN88: 12 | AO88: =IF(B88="","",B88) -> JIBRIL AL FAUZAN PURNADI | AP88: =IF(C88="","",C88) -> L | BU88: =IF(COUNTIF(AQ88:BT88,".")=0,"",COUNTIF(AQ88:BT88,".")) | BV88: =IF(COUNTIF(AQ88:BT88,"S")=0,"",COUNTIF(AQ88:BT88,"S")) | BW88: =IF(COUNTIF(AQ88:BT88,"I")=0,"",COUNTIF(AQ88:BT88,"I")) | BX88: =IF(COUNTIF(AQ88:BT88,"A")=0,"",COUNTIF(AQ88:BT88,"A")) | BY88: =SUM(BV88:BX88) -> 0
... A95: =A29 -> 19 | B95: =B29 -> MUHAMMAD AKMAL FIRDAUS | C95: =C29 -> L | AH95: =IF(COUNTIF(D95:AG95,".")=0,"",COUNTIF(D95:AG95,".")) | AI95: =IF(COUNTIF(D95:AG95,"S")=0,"",COUNTIF(D95:AG95,"S")) | AJ95: =IF(COUNTIF(D95:AG95,"I")=0,"",COUNTIF(D95:AG95,"I")) | AK95: =IF(COUNTIF(D95:AG95,"A")=0,"",COUNTIF(D95:AG95,"A")) | AL95: =SUM(AI95:AK95) -> 0 | AN95: 19 | AO95: =IF(B95="","",B95) -> MUHAMMAD AKMAL FIRDAUS | AP95: =IF(C95="","",C95) -> L | BU95: =IF(COUNTIF(AQ95:BT95,".")=0,"",COUNTIF(AQ95:BT95,".")) | BV95: =IF(COUNTIF(AQ95:BT95,"S")=0,"",COUNTIF(AQ95:BT95,"S")) | BW95: =IF(COUNTIF(AQ95:BT95,"I")=0,"",COUNTIF(AQ95:BT95,"I")) | BX95: =IF(COUNTIF(AQ95:BT95,"A")=0,"",COUNTIF(AQ95:BT95,"A")) | BY95: =SUM(BV95:BX95) -> 0
A96: =#REF! -> #REF! | B96: =#REF! -> #REF! | C96: =#REF! -> #REF! | AH96: =IF(COUNTIF(D96:AG96,".")=0,"",COUNTIF(D96:AG96,".")) | AI96: =IF(COUNTIF(D96:AG96,"S")=0,"",COUNTIF(D96:AG96,"S")) | AJ96: =IF(COUNTIF(D96:AG96,"I")=0,"",COUNTIF(D96:AG96,"I")) | AK96: =IF(COUNTIF(D96:AG96,"A")=0,"",COUNTIF(D96:AG96,"A")) | AL96: =SUM(AI96:AK96) -> 0 | AN96: 20 | AO96: =IF(B96="","",B96) -> #REF! | AP96: =IF(C96="","",C96) -> #REF! | BU96: =IF(COUNTIF(AQ96:BT96,".")=0,"",COUNTIF(AQ96:BT96,".")) | BV96: =IF(COUNTIF(AQ96:BT96,"S")=0,"",COUNTIF(AQ96:BT96,"S")) | BW96: =IF(COUNTIF(AQ96:BT96,"I")=0,"",COUNTIF(AQ96:BT96,"I")) | BX96: =IF(COUNTIF(AQ96:BT96,"A")=0,"",COUNTIF(AQ96:BT96,"A")) | BY96: =SUM(BV96:BX96) -> 0
A97: =A30 -> 21 | B97: =B30 -> MUHAMMAD DAFFA ABDILLAH | C97: =C30 -> L | AH97: =IF(COUNTIF(D97:AG97,".")=0,"",COUNTIF(D97:AG97,".")) | AI97: =IF(COUNTIF(D97:AG97,"S")=0,"",COUNTIF(D97:AG97,"S")) | AJ97: =IF(COUNTIF(D97:AG97,"I")=0,"",COUNTIF(D97:AG97,"I")) | AK97: =IF(COUNTIF(D97:AG97,"A")=0,"",COUNTIF(D97:AG97,"A")) | AL97: =SUM(AI97:AK97) -> 0 | AN97: 21 | AO97: =IF(B97="","",B97) -> MUHAMMAD DAFFA ABDILLAH | AP97: =IF(C97="","",C97) -> L | BU97: =IF(COUNTIF(AQ97:BT97,".")=0,"",COUNTIF(AQ97:BT97,".")) | BV97: =IF(COUNTIF(AQ97:BT97,"S")=0,"",COUNTIF(AQ97:BT97,"S")) | BW97: =IF(COUNTIF(AQ97:BT97,"I")=0,"",COUNTIF(AQ97:BT97,"I")) | BX97: =IF(COUNTIF(AQ97:BT97,"A")=0,"",COUNTIF(AQ97:BT97,"A")) | BY97: =SUM(BV97:BX97) -> 0
A98: =A31 -> 22 | B98: =B31 -> MUHAMMAD HILMI AD-DZIKRI | C98: =C31 -> L | AH98: =IF(COUNTIF(D98:AG98,".")=0,"",COUNTIF(D98:AG98,".")) | AI98: =IF(COUNTIF(D98:AG98,"S")=0,"",COUNTIF(D98:AG98,"S")) | AJ98: =IF(COUNTIF(D98:AG98,"I")=0,"",COUNTIF(D98:AG98,"I")) | AK98: =IF(COUNTIF(D98:AG98,"A")=0,"",COUNTIF(D98:AG98,"A")) | AL98: =SUM(AI98:AK98) -> 0 | AN98: 22 | AO98: =IF(B98="","",B98) -> MUHAMMAD HILMI AD-DZIKRI | AP98: =IF(C98="","",C98) -> L | BU98: =IF(COUNTIF(AQ98:BT98,".")=0,"",COUNTIF(AQ98:BT98,".")) | BV98: =IF(COUNTIF(AQ98:BT98,"S")=0,"",COUNTIF(AQ98:BT98,"S")) | BW98: =IF(COUNTIF(AQ98:BT98,"I")=0,"",COUNTIF(AQ98:BT98,"I")) | BX98: =IF(COUNTIF(AQ98:BT98,"A")=0,"",COUNTIF(AQ98:BT98,"A")) | BY98: =SUM(BV98:BX98) -> 0
A99: =A32 -> 23 | B99: =B32 -> MUHAMMAD SYARIF ROMDHONI | C99: =C32 -> L | AH99: =IF(COUNTIF(D99:AG99,".")=0,"",COUNTIF(D99:AG99,".")) | AI99: =IF(COUNTIF(D99:AG99,"S")=0,"",COUNTIF(D99:AG99,"S")) | AJ99: =IF(COUNTIF(D99:AG99,"I")=0,"",COUNTIF(D99:AG99,"I")) | AK99: =IF(COUNTIF(D99:AG99,"A")=0,"",COUNTIF(D99:AG99,"A")) | AL99: =SUM(AI99:AK99) -> 0 | AN99: 23 | AO99: =IF(B99="","",B99) -> MUHAMMAD SYARIF ROMDHONI | AP99: =IF(C99="","",C99) -> L | BU99: =IF(COUNTIF(AQ99:BT99,".")=0,"",COUNTIF(AQ99:BT99,".")) | BV99: =IF(COUNTIF(AQ99:BT99,"S")=0,"",COUNTIF(AQ99:BT99,"S")) | BW99: =IF(COUNTIF(AQ99:BT99,"I")=0,"",COUNTIF(AQ99:BT99,"I")) | BX99: =IF(COUNTIF(AQ99:BT99,"A")=0,"",COUNTIF(AQ99:BT99,"A")) | BY99: =SUM(BV99:BX99) -> 0
A100: =A33 -> 24 | B100: =B33 -> MUTIARA NUR SYIFA | C100: =C33 -> P | AH100: =IF(COUNTIF(D100:AG100,".")=0,"",COUNTIF(D100:AG100,".")) | AI100: =IF(COUNTIF(D100:AG100,"S")=0,"",COUNTIF(D100:AG100,"S")) | AJ100: =IF(COUNTIF(D100:AG100,"I")=0,"",COUNTIF(D100:AG100,"I")) | AK100: =IF(COUNTIF(D100:AG100,"A")=0,"",COUNTIF(D100:AG100,"A")) | AL100: =SUM(AI100:AK100) -> 0 | AN100: 24 | AO100: =IF(B100="","",B100) -> MUTIARA NUR SYIFA | AP100: =IF(C100="","",C100) -> P | BU100: =IF(COUNTIF(AQ100:BT100,".")=0,"",COUNTIF(AQ100:BT100,".")) | BV100: =IF(COUNTIF(AQ100:BT100,"S")=0,"",COUNTIF(AQ100:BT100,"S")) | BW100: =IF(COUNTIF(AQ100:BT100,"I")=0,"",COUNTIF(AQ100:BT100,"I")) | BX100: =IF(COUNTIF(AQ100:BT100,"A")=0,"",COUNTIF(AQ100:BT100,"A")) | BY100: =SUM(BV100:BX100) -> 0
A101: =A34 -> 25 | B101: =B34 -> NABIL MOHAMMAD AZMII AKRAM | C101: =C34 -> L | AH101: =IF(COUNTIF(D101:AG101,".")=0,"",COUNTIF(D101:AG101,".")) | AI101: =IF(COUNTIF(D101:AG101,"S")=0,"",COUNTIF(D101:AG101,"S")) | AJ101: =IF(COUNTIF(D101:AG101,"I")=0,"",COUNTIF(D101:AG101,"I")) | AK101: =IF(COUNTIF(D101:AG101,"A")=0,"",COUNTIF(D101:AG101,"A")) | AL101: =SUM(AI101:AK101) -> 0 | AN101: 25 | AO101: =IF(B101="","",B101) -> NABIL MOHAMMAD AZMII AKRAM | AP101: =IF(C101="","",C101) -> L | BU101: =IF(COUNTIF(AQ101:BT101,".")=0,"",COUNTIF(AQ101:BT101,".")) | BV101: =IF(COUNTIF(AQ101:BT101,"S")=0,"",COUNTIF(AQ101:BT101,"S")) | BW101: =IF(COUNTIF(AQ101:BT101,"I")=0,"",COUNTIF(AQ101:BT101,"I")) | BX101: =IF(COUNTIF(AQ101:BT101,"A")=0,"",COUNTIF(AQ101:BT101,"A")) | BY101: =SUM(BV101:BX101) -> 0
A102: =A35 -> 26 | B102: =B35 -> NADINE GAZA AULYA | C102: =C35 -> P | AH102: =IF(COUNTIF(D102:AG102,".")=0,"",COUNTIF(D102:AG102,".")) | AI102: =IF(COUNTIF(D102:AG102,"S")=0,"",COUNTIF(D102:AG102,"S")) | AJ102: =IF(COUNTIF(D102:AG102,"I")=0,"",COUNTIF(D102:AG102,"I")) | AK102: =IF(COUNTIF(D102:AG102,"A")=0,"",COUNTIF(D102:AG102,"A")) | AL102: =SUM(AI102:AK102) -> 0 | AN102: 26 | AO102: =IF(B102="","",B102) -> NADINE GAZA AULYA | AP102: =IF(C102="","",C102) -> P | BU102: =IF(COUNTIF(AQ102:BT102,".")=0,"",COUNTIF(AQ102:BT102,".")) | BV102: =IF(COUNTIF(AQ102:BT102,"S")=0,"",COUNTIF(AQ102:BT102,"S")) | BW102: =IF(COUNTIF(AQ102:BT102,"I")=0,"",COUNTIF(AQ102:BT102,"I")) | BX102: =IF(COUNTIF(AQ102:BT102,"A")=0,"",COUNTIF(AQ102:BT102,"A")) | BY102: =SUM(BV102:BX102) -> 0
A103: =A36 -> 27 | B103: =B36 -> NIRVANAZIA SARWAHITA AJIWARA | C103: =C36 -> P | AH103: =IF(COUNTIF(D103:AG103,".")=0,"",COUNTIF(D103:AG103,".")) | AI103: =IF(COUNTIF(D103:AG103,"S")=0,"",COUNTIF(D103:AG103,"S")) | AJ103: =IF(COUNTIF(D103:AG103,"I")=0,"",COUNTIF(D103:AG103,"I")) | AK103: =IF(COUNTIF(D103:AG103,"A")=0,"",COUNTIF(D103:AG103,"A")) | AL103: =SUM(AI103:AK103) -> 0 | AN103: 27 | AO103: =IF(B103="","",B103) -> NIRVANAZIA SARWAHITA AJIWARA | AP103: =IF(C103="","",C103) -> P | BU103: =IF(COUNTIF(AQ103:BT103,".")=0,"",COUNTIF(AQ103:BT103,".")) | BV103: =IF(COUNTIF(AQ103:BT103,"S")=0,"",COUNTIF(AQ103:BT103,"S")) | BW103: =IF(COUNTIF(AQ103:BT103,"I")=0,"",COUNTIF(AQ103:BT103,"I")) | BX103: =IF(COUNTIF(AQ103:BT103,"A")=0,"",COUNTIF(AQ103:BT103,"A")) | BY103: =SUM(BV103:BX103) -> 0
A104: =A37 -> 28 | B104: =B37 -> PARAS SANDERIANA ARDIAN | C104: =C37 -> P | AH104: =IF(COUNTIF(D104:AG104,".")=0,"",COUNTIF(D104:AG104,".")) | AI104: =IF(COUNTIF(D104:AG104,"S")=0,"",COUNTIF(D104:AG104,"S")) | AJ104: =IF(COUNTIF(D104:AG104,"I")=0,"",COUNTIF(D104:AG104,"I")) | AK104: =IF(COUNTIF(D104:AG104,"A")=0,"",COUNTIF(D104:AG104,"A")) | AL104: =SUM(AI104:AK104) -> 0 | AN104: 28 | AO104: =IF(B104="","",B104) -> PARAS SANDERIANA ARDIAN | AP104: =IF(C104="","",C104) -> P | BU104: =IF(COUNTIF(AQ104:BT104,".")=0,"",COUNTIF(AQ104:BT104,".")) | BV104: =IF(COUNTIF(AQ104:BT104,"S")=0,"",COUNTIF(AQ104:BT104,"S")) | BW104: =IF(COUNTIF(AQ104:BT104,"I")=0,"",COUNTIF(AQ104:BT104,"I")) | BX104: =IF(COUNTIF(AQ104:BT104,"A")=0,"",COUNTIF(AQ104:BT104,"A")) | BY104: =SUM(BV104:BX104) -> 0
A105: =A38 -> 29 | B105: =B38 -> RAGIL SARASWATI | C105: =C38 -> P | AH105: =IF(COUNTIF(D105:AG105,".")=0,"",COUNTIF(D105:AG105,".")) | AI105: =IF(COUNTIF(D105:AG105,"S")=0,"",COUNTIF(D105:AG105,"S")) | AJ105: =IF(COUNTIF(D105:AG105,"I")=0,"",COUNTIF(D105:AG105,"I")) | AK105: =IF(COUNTIF(D105:AG105,"A")=0,"",COUNTIF(D105:AG105,"A")) | AL105: =SUM(AI105:AK105) -> 0 | AN105: 29 | AO105: =IF(B105="","",B105) -> RAGIL SARASWATI | AP105: =IF(C105="","",C105) -> P | BU105: =IF(COUNTIF(AQ105:BT105,".")=0,"",COUNTIF(AQ105:BT105,".")) | BV105: =IF(COUNTIF(AQ105:BT105,"S")=0,"",COUNTIF(AQ105:BT105,"S")) | BW105: =IF(COUNTIF(AQ105:BT105,"I")=0,"",COUNTIF(AQ105:BT105,"I")) | BX105: =IF(COUNTIF(AQ105:BT105,"A")=0,"",COUNTIF(AQ105:BT105,"A")) | BY105: =SUM(BV105:BX105) -> 0
A106: =A39 -> 30 | B106: =B39 -> RAJWA DANISWARA RUSPANDI | C106: =C39 -> L | AH106: =IF(COUNTIF(D106:AG106,".")=0,"",COUNTIF(D106:AG106,".")) | AI106: =IF(COUNTIF(D106:AG106,"S")=0,"",COUNTIF(D106:AG106,"S")) | AJ106: =IF(COUNTIF(D106:AG106,"I")=0,"",COUNTIF(D106:AG106,"I")) | AK106: =IF(COUNTIF(D106:AG106,"A")=0,"",COUNTIF(D106:AG106,"A")) | AL106: =SUM(AI106:AK106) -> 0 | AN106: 30 | AO106: =IF(B106="","",B106) -> RAJWA DANISWARA RUSPANDI | AP106: =IF(C106="","",C106) -> L | BU106: =IF(COUNTIF(AQ106:BT106,".")=0,"",COUNTIF(AQ106:BT106,".")) | BV106: =IF(COUNTIF(AQ106:BT106,"S")=0,"",COUNTIF(AQ106:BT106,"S")) | BW106: =IF(COUNTIF(AQ106:BT106,"I")=0,"",COUNTIF(AQ106:BT106,"I")) | BX106: =IF(COUNTIF(AQ106:BT106,"A")=0,"",COUNTIF(AQ106:BT106,"A")) | BY106: =SUM(BV106:BX106) -> 0
A107: =A40 -> 31 | B107: =B40 -> RITA MAY LUTVIYANI | C107: =C40 -> P | AH107: =IF(COUNTIF(D107:AG107,".")=0,"",COUNTIF(D107:AG107,".")) | AI107: =IF(COUNTIF(D107:AG107,"S")=0,"",COUNTIF(D107:AG107,"S")) | AJ107: =IF(COUNTIF(D107:AG107,"I")=0,"",COUNTIF(D107:AG107,"I")) | AK107: =IF(COUNTIF(D107:AG107,"A")=0,"",COUNTIF(D107:AG107,"A")) | AL107: =SUM(AI107:AK107) -> 0 | AN107: 21 | AO107: =IF(B107="","",B107) -> RITA MAY LUTVIYANI | AP107: =IF(C107="","",C107) -> P | BU107: =IF(COUNTIF(AQ107:BT107,".")=0,"",COUNTIF(AQ107:BT107,".")) | BV107: =IF(COUNTIF(AQ107:BT107,"S")=0,"",COUNTIF(AQ107:BT107,"S")) | BW107: =IF(COUNTIF(AQ107:BT107,"I")=0,"",COUNTIF(AQ107:BT107,"I")) | BX107: =IF(COUNTIF(AQ107:BT107,"A")=0,"",COUNTIF(AQ107:BT107,"A")) | BY107: =SUM(BV107:BX107) -> 0
A108: =A41 -> 32 | B108: =B41 -> RIZKYTA PRAWINA KUSUMA | C108: =C41 -> P | AH108: =IF(COUNTIF(D108:AG108,".")=0,"",COUNTIF(D108:AG108,".")) | AI108: =IF(COUNTIF(D108:AG108,"S")=0,"",COUNTIF(D108:AG108,"S")) | AJ108: =IF(COUNTIF(D108:AG108,"I")=0,"",COUNTIF(D108:AG108,"I")) | AK108: =IF(COUNTIF(D108:AG108,"A")=0,"",COUNTIF(D108:AG108,"A")) | AL108: =SUM(AI108:AK108) -> 0 | AN108: 22 | AO108: =IF(B108="","",B108) -> RIZKYTA PRAWINA KUSUMA | AP108: =IF(C108="","",C108) -> P | BU108: =IF(COUNTIF(AQ108:BT108,".")=0,"",COUNTIF(AQ108:BT108,".")) | BV108: =IF(COUNTIF(AQ108:BT108,"S")=0,"",COUNTIF(AQ108:BT108,"S")) | BW108: =IF(COUNTIF(AQ108:BT108,"I")=0,"",COUNTIF(AQ108:BT108,"I")) | BX108: =IF(COUNTIF(AQ108:BT108,"A")=0,"",COUNTIF(AQ108:BT108,"A")) | BY108: =SUM(BV108:BX108) -> 0
... A118: =A51 -> 42 | B118: =B51 -> 0 | C118: =C51 -> 0 | AH118: =IF(COUNTIF(D118:AG118,".")=0,"",COUNTIF(D118:AG118,".")) | AI118: =IF(COUNTIF(D118:AG118,"S")=0,"",COUNTIF(D118:AG118,"S")) | AJ118: =IF(COUNTIF(D118:AG118,"I")=0,"",COUNTIF(D118:AG118,"I")) | AK118: =IF(COUNTIF(D118:AG118,"A")=0,"",COUNTIF(D118:AG118,"A")) | AL118: =SUM(AI118:AK118) -> 0 | AN118: 22 | AO118: =IF(B118="","",B118) -> 0 | AP118: =IF(C118="","",C118) -> 0 | BU118: =IF(COUNTIF(AQ118:BT118,".")=0,"",COUNTIF(AQ118:BT118,".")) | BV118: =IF(COUNTIF(AQ118:BT118,"S")=0,"",COUNTIF(AQ118:BT118,"S")) | BW118: =IF(COUNTIF(AQ118:BT118,"I")=0,"",COUNTIF(AQ118:BT118,"I")) | BX118: =IF(COUNTIF(AQ118:BT118,"A")=0,"",COUNTIF(AQ118:BT118,"A")) | BY118: =SUM(BV118:BX118) -> 0
A119: =#REF! -> #REF! | B119: =#REF! -> #REF! | C119: =#REF! -> #REF! | AH119: =IF(COUNTIF(D119:AG119,".")=0,"",COUNTIF(D119:AG119,".")) | AI119: =IF(COUNTIF(D119:AG119,"S")=0,"",COUNTIF(D119:AG119,"S")) | AJ119: =IF(COUNTIF(D119:AG119,"I")=0,"",COUNTIF(D119:AG119,"I")) | AK119: =IF(COUNTIF(D119:AG119,"A")=0,"",COUNTIF(D119:AG119,"A")) | AL119: =SUM(AI119:AK119) -> 0 | AN119: 23 | AO119: =IF(B119="","",B119) -> #REF! | AP119: =IF(C119="","",C119) -> #REF! | BU119: =IF(COUNTIF(AQ119:BT119,".")=0,"",COUNTIF(AQ119:BT119,".")) | BV119: =IF(COUNTIF(AQ119:BT119,"S")=0,"",COUNTIF(AQ119:BT119,"S")) | BW119: =IF(COUNTIF(AQ119:BT119,"I")=0,"",COUNTIF(AQ119:BT119,"I")) | BX119: =IF(COUNTIF(AQ119:BT119,"A")=0,"",COUNTIF(AQ119:BT119,"A")) | BY119: =SUM(BV119:BX119) -> 0
A120: =A52 -> 44 | B120: =B52 -> 0 | C120: =C52 -> 0 | AH120: =IF(COUNTIF(D120:AG120,".")=0,"",COUNTIF(D120:AG120,".")) | AI120: =IF(COUNTIF(D120:AG120,"S")=0,"",COUNTIF(D120:AG120,"S")) | AJ120: =IF(COUNTIF(D120:AG120,"I")=0,"",COUNTIF(D120:AG120,"I")) | AK120: =IF(COUNTIF(D120:AG120,"A")=0,"",COUNTIF(D120:AG120,"A")) | AL120: =SUM(AI120:AK120) -> 0 | AN120: 24 | AO120: =IF(B120="","",B120) -> 0 | AP120: =IF(C120="","",C120) -> 0 | BU120: =IF(COUNTIF(AQ120:BT120,".")=0,"",COUNTIF(AQ120:BT120,".")) | BV120: =IF(COUNTIF(AQ120:BT120,"S")=0,"",COUNTIF(AQ120:BT120,"S")) | BW120: =IF(COUNTIF(AQ120:BT120,"I")=0,"",COUNTIF(AQ120:BT120,"I")) | BX120: =IF(COUNTIF(AQ120:BT120,"A")=0,"",COUNTIF(AQ120:BT120,"A")) | BY120: =SUM(BV120:BX120) -> 0
A121: =A53 -> 45 | B121: =B53 -> 0 | C121: =C53 -> 0 | AH121: =IF(COUNTIF(D121:AG121,".")=0,"",COUNTIF(D121:AG121,".")) | AI121: =IF(COUNTIF(D121:AG121,"S")=0,"",COUNTIF(D121:AG121,"S")) | AJ121: =IF(COUNTIF(D121:AG121,"I")=0,"",COUNTIF(D121:AG121,"I")) | AK121: =IF(COUNTIF(D121:AG121,"A")=0,"",COUNTIF(D121:AG121,"A")) | AL121: =SUM(AI121:AK121) -> 0 | AN121: 25 | AO121: =IF(B121="","",B121) -> 0 | AP121: =IF(C121="","",C121) -> 0 | BU121: =IF(COUNTIF(AQ121:BT121,".")=0,"",COUNTIF(AQ121:BT121,".")) | BV121: =IF(COUNTIF(AQ121:BT121,"S")=0,"",COUNTIF(AQ121:BT121,"S")) | BW121: =IF(COUNTIF(AQ121:BT121,"I")=0,"",COUNTIF(AQ121:BT121,"I")) | BX121: =IF(COUNTIF(AQ121:BT121,"A")=0,"",COUNTIF(AQ121:BT121,"A")) | BY121: =SUM(BV121:BX121) -> 0
A122: =A54 -> 46 | B122: =B54 -> 0 | C122: =C54 -> 0 | AH122: =IF(COUNTIF(D122:AG122,".")=0,"",COUNTIF(D122:AG122,".")) | AI122: =IF(COUNTIF(D122:AG122,"S")=0,"",COUNTIF(D122:AG122,"S")) | AJ122: =IF(COUNTIF(D122:AG122,"I")=0,"",COUNTIF(D122:AG122,"I")) | AK122: =IF(COUNTIF(D122:AG122,"A")=0,"",COUNTIF(D122:AG122,"A")) | AL122: =SUM(AI122:AK122) -> 0 | AN122: 26 | AO122: =IF(B122="","",B122) -> 0 | AP122: =IF(C122="","",C122) -> 0 | BU122: =IF(COUNTIF(AQ122:BT122,".")=0,"",COUNTIF(AQ122:BT122,".")) | BV122: =IF(COUNTIF(AQ122:BT122,"S")=0,"",COUNTIF(AQ122:BT122,"S")) | BW122: =IF(COUNTIF(AQ122:BT122,"I")=0,"",COUNTIF(AQ122:BT122,"I")) | BX122: =IF(COUNTIF(AQ122:BT122,"A")=0,"",COUNTIF(AQ122:BT122,"A")) | BY122: =SUM(BV122:BX122) -> 0
A123: =A55 -> 47 | B123: =B55 -> 0 | C123: =C55 -> 0 | AH123: =IF(COUNTIF(D123:AG123,".")=0,"",COUNTIF(D123:AG123,".")) | AI123: =IF(COUNTIF(D123:AG123,"S")=0,"",COUNTIF(D123:AG123,"S")) | AJ123: =IF(COUNTIF(D123:AG123,"I")=0,"",COUNTIF(D123:AG123,"I")) | AK123: =IF(COUNTIF(D123:AG123,"A")=0,"",COUNTIF(D123:AG123,"A")) | AL123: =SUM(AI123:AK123) -> 0 | AN123: 27 | AO123: =IF(B123="","",B123) -> 0 | AP123: =IF(C123="","",C123) -> 0 | BU123: =IF(COUNTIF(AQ123:BT123,".")=0,"",COUNTIF(AQ123:BT123,".")) | BV123: =IF(COUNTIF(AQ123:BT123,"S")=0,"",COUNTIF(AQ123:BT123,"S")) | BW123: =IF(COUNTIF(AQ123:BT123,"I")=0,"",COUNTIF(AQ123:BT123,"I")) | BX123: =IF(COUNTIF(AQ123:BT123,"A")=0,"",COUNTIF(AQ123:BT123,"A")) | BY123: =SUM(BV123:BX123) -> 0
...

Sheet Nilai 10-5
A1: FORM NILAI PESERTA DIDIK
A2: =CV!A3 -> SMA NEGERI 15 KOTA BANDUNG
A3: =CV!A4 -> TAHUN AJARAN 2026/2027
B5: Kelas | C5: ='Absensi 10-5'!AP6 -> 10-5 | V5: Nilai Kriteria Ketuntasan Minimal (KKM)
B6: Mata Pelajaran | C6: =PROPER(CV!A27) -> Informatika | V6: 78
B7: Semester | C7: Ganjil
A9: No | B9: Nama | C9: JK | D9: Nilai Harian | S9: ASAS | T9: R2 | V9: KD / Materi Pengetahuan :
D10: PH 1 | E10: PH 2 | F10: PH 3 | G10: PH 4 | H10: PH 5 | I10: PH 6 | J10: PH 7 | K10: PH 8 | L10: PH 9 | M10: PH 10 | N10: PH 11 | O10: PH 12 | P10: PH 13 | Q10: PH 14 | R10: PH 15
D11: =IF(COUNTA(D12:D59)>0,1,0) -> 1 | E11: =IF(COUNTA(E12:E59)>0,1,0) -> 0 | F11: =IF(COUNTA(F12:F59)>0,1,0) -> 0 | G11: =IF(COUNTA(G12:G59)>0,1,0) -> 0 | H11: =IF(COUNTA(H12:H59)>0,1,0) -> 0 | I11: =IF(COUNTA(I12:I59)>0,1,0) -> 0 | J11: =IF(COUNTA(J12:J59)>0,1,0) -> 0 | K11: =IF(COUNTA(K12:K59)>0,1,0) -> 0 | ... R11: =IF(COUNTA(R12:R59)>0,1,0) -> 0 | S11: =IF(SUM(S12:S59)=0,0,1) -> 0 | T11: =SUM(D11:R11) -> 1
A12: 1 | B12: ='Absensi 10-5'!AO11 -> ADINDA PRABANDARI KINASIH | C12: ='Absensi 10-5'!AP11 -> P | D12: 58.615385 | T12: =IFERROR(IF(S$11=0,SUM(D12:R12)/T$11,SUM(D12:R12)/T$11*70%+S12*30%),"") -> 58.615385 | V12: PH 1 | W12: PTS
A13: 2 | B13: ='Absensi 10-5'!AO12 -> ALIFA MEYLANI SAFITRI | C13: ='Absensi 10-5'!AP12 -> P | D13: 54.307692 | T13: =IFERROR(IF(S$11=0,ROUNDUP(SUM(D13:R13)/T$11,0),ROUNDUP(SUM(D13:R13)/T$11*70%+S13*30%,0)),"") -> 55
A14: 3 | B14: ='Absensi 10-5'!AO13 -> AMALIA NURFADILAH | C14: ='Absensi 10-5'!AP13 -> P | D14: 62.923077 | T14: =IFERROR(IF(S$11=0,ROUNDUP(SUM(D14:R14)/T$11,0),ROUNDUP(SUM(D14:R14)/T$11*70%+S14*30%,0)),"") -> 63
A15: 4 | B15: ='Absensi 10-5'!AO14 -> ARIA KUSUMAH | C15: ='Absensi 10-5'!AP14 -> L | D15: 67.230769 | T15: =IFERROR(IF(S$11=0,ROUNDUP(SUM(D15:R15)/T$11,0),ROUNDUP(SUM(D15:R15)/T$11*70%+S15*30%,0)),"") -> 68 | V15: PH 2
A16: 5 | B16: ='Absensi 10-5'!AO15 -> AULIA KINASIH | C16: ='Absensi 10-5'!AP15 -> P | D16: 65.076923 | T16: =IFERROR(IF(S$11=0,ROUNDUP(SUM(D16:R16)/T$11,0),ROUNDUP(SUM(D16:R16)/T$11*70%+S16*30%,0)),"") -> 66
A17: 6 | B17: ='Absensi 10-5'!AO16 -> BALQIS FANIDA SORAYA | C17: ='Absensi 10-5'!AP16 -> P | D17: 54.307692 | T17: =IFERROR(IF(S$11=0,ROUNDUP(SUM(D17:R17)/T$11,0),ROUNDUP(SUM(D17:R17)/T$11*70%+S17*30%,0)),"") -> 55
A18: 7 | B18: ='Absensi 10-5'!AO17 -> CAHYA ISMAIL | C18: ='Absensi 10-5'!AP17 -> L | D18: 50 | T18: =IFERROR(IF(S$11=0,ROUNDUP(SUM(D18:R18)/T$11,0),ROUNDUP(SUM(D18:R18)/T$11*70%+S18*30%,0)),"") -> 50 | V18: PH 3
A19: 8 | B19: ='Absensi 10-5'!AO18 -> CHIARA HASNA ZHAFIRA | C19: ='Absensi 10-5'!AP18 -> P | D19: 65.076923 | T19: =IFERROR(IF(S$11=0,ROUNDUP(SUM(D19:R19)/T$11,0),ROUNDUP(SUM(D19:R19)/T$11*70%+S19*30%,0)),"") -> 66
A20: 9 | B20: ='Absensi 10-5'!AO19 -> DEVILIA AULIA PUTRI | C20: ='Absensi 10-5'!AP19 -> P | D20: 65.076923 | T20: =IFERROR(IF(S$11=0,ROUNDUP(SUM(D20:R20)/T$11,0),ROUNDUP(SUM(D20:R20)/T$11*70%+S20*30%,0)),"") -> 66
A21: 10 | B21: ='Absensi 10-5'!AO20 -> EGA YUDA NUGRAHA | C21: ='Absensi 10-5'!AP20 -> L | D21: 67.230769 | T21: =IFERROR(IF(S$11=0,ROUNDUP(SUM(D21:R21)/T$11,0),ROUNDUP(SUM(D21:R21)/T$11*70%+S21*30%,0)),"") -> 68 | V21: PH 4
A22: 11 | B22: ='Absensi 10-5'!AO21 -> ELMIRA ZAHIYA RUSDI | C22: ='Absensi 10-5'!AP21 -> P | D22: 62.923077 | T22: =IFERROR(IF(S$11=0,ROUNDUP(SUM(D22:R22)/T$11,0),ROUNDUP(SUM(D22:R22)/T$11*70%+S22*30%,0)),"") -> 63
A23: 12 | B23: ='Absensi 10-5'!AO22 -> FAHRAN FATUROHMAN | C23: ='Absensi 10-5'!AP22 -> L | D23: 62.923077 | T23: =IFERROR(IF(S$11=0,ROUNDUP(SUM(D23:R23)/T$11,0),ROUNDUP(SUM(D23:R23)/T$11*70%+S23*30%,0)),"") -> 63
A24: 13 | B24: ='Absensi 10-5'!AO23 -> FAKHIRA SALWA NABILA | C24: ='Absensi 10-5'!AP23 -> P | D24: 65.076923 | T24: =IFERROR(IF(S$11=0,ROUNDUP(SUM(D24:R24)/T$11,0),ROUNDUP(SUM(D24:R24)/T$11*70%+S24*30%,0)),"") -> 66 | V24: PH 5
A25: 14 | B25: ='Absensi 10-5'!AO24 -> FATHIYYA AMEERA QUEENNARRA EDWARD | C25: ='Absensi 10-5'!AP24 -> P | D25: 71.538462 | T25: =IFERROR(IF(S$11=0,ROUNDUP(SUM(D25:R25)/T$11,0),ROUNDUP(SUM(D25:R25)/T$11*70%+S25*30%,0)),"") -> 72
A26: 15 | B26: ='Absensi 10-5'!AO25 -> FAUZAN SYAWAL PRATAMA | C26: ='Absensi 10-5'!AP25 -> L | D26: 65.076923 | T26: =IFERROR(IF(S$11=0,ROUNDUP(SUM(D26:R26)/T$11,0),ROUNDUP(SUM(D26:R26)/T$11*70%+S26*30%,0)),"") -> 66
A27: 16 | B27: ='Absensi 10-5'!AO26 -> GHEA RAHMAYANI | C27: ='Absensi 10-5'!AP26 -> P | D27: 62.923077 | T27: =IFERROR(IF(S$11=0,ROUNDUP(SUM(D27:R27)/T$11,0),ROUNDUP(SUM(D27:R27)/T$11*70%+S27*30%,0)),"") -> 63 | V27: PH 6
A28: 17 | B28: ='Absensi 10-5'!AO27 -> INTANIA RAMADANIA | C28: ='Absensi 10-5'!AP27 -> P | D28: 52.153846 | T28: =IFERROR(IF(S$11=0,ROUNDUP(SUM(D28:R28)/T$11,0),ROUNDUP(SUM(D28:R28)/T$11*70%+S28*30%,0)),"") -> 53
A29: 18 | B29: ='Absensi 10-5'!AO28 -> JAUZA HANA NABILA | C29: ='Absensi 10-5'!AP28 -> P | D29: 54.307692 | T29: =IFERROR(IF(S$11=0,ROUNDUP(SUM(D29:R29)/T$11,0),ROUNDUP(SUM(D29:R29)/T$11*70%+S29*30%,0)),"") -> 55
A30: 19 | B30: ='Absensi 10-5'!AO29 -> KEYSHA NUR RAHAYU | C30: ='Absensi 10-5'!AP29 -> P | D30: 67.230769 | T30: =IFERROR(IF(S$11=0,ROUNDUP(SUM(D30:R30)/T$11,0),ROUNDUP(SUM(D30:R30)/T$11*70%+S30*30%,0)),"") -> 68 | V30: PH 7
A31: 20 | B31: ='Absensi 10-5'!AO30 -> MAHESYA LILY | C31: ='Absensi 10-5'!AP30 -> P | D31: 67.230769 | T31: =IFERROR(IF(S$11=0,ROUNDUP(SUM(D31:R31)/T$11,0),ROUNDUP(SUM(D31:R31)/T$11*70%+S31*30%,0)),"") -> 68
A32: 21 | B32: ='Absensi 10-5'!AO31 -> MALVIN AKSATRYA DANISWARA KUSMANA | C32: ='Absensi 10-5'!AP31 -> L | D32: 78 | T32: =IFERROR(IF(S$11=0,ROUNDUP(SUM(D32:R32)/T$11,0),ROUNDUP(SUM(D32:R32)/T$11*70%+S32*30%,0)),"") -> 78 | V32: PH 8
A33: 22 | B33: ='Absensi 10-5'!AO32 -> MARWA NURHAA NAFIAH | C33: ='Absensi 10-5'!AP32 -> P | D33: 65.076923 | T33: =IFERROR(IF(S$11=0,ROUNDUP(SUM(D33:R33)/T$11,0),ROUNDUP(SUM(D33:R33)/T$11*70%+S33*30%,0)),"") -> 66
A34: 23 | B34: ='Absensi 10-5'!AO33 -> MIKAIL AL KAUTSAR SIMA PAWITRA | C34: ='Absensi 10-5'!AP33 -> L | D34: 65.076923 | T34: =IFERROR(IF(S$11=0,ROUNDUP(SUM(D34:R34)/T$11,0),ROUNDUP(SUM(D34:R34)/T$11*70%+S34*30%,0)),"") -> 66
A35: 24 | B35: ='Absensi 10-5'!AO34 -> MUHAMAD AGUNG RIVA RISQULOH | C35: ='Absensi 10-5'!AP34 -> L | D35: 58.615385 | T35: =IFERROR(IF(S$11=0,ROUNDUP(SUM(D35:R35)/T$11,0),ROUNDUP(SUM(D35:R35)/T$11*70%+S35*30%,0)),"") -> 59 | V35: PH 9
A36: 25 | B36: ='Absensi 10-5'!AO35 -> MUHAMAD FAJAR DWI PUTRA | C36: ='Absensi 10-5'!AP35 -> L | D36: 71.538462 | T36: =IFERROR(IF(S$11=0,ROUNDUP(SUM(D36:R36)/T$11,0),ROUNDUP(SUM(D36:R36)/T$11*70%+S36*30%,0)),"") -> 72
A37: 26 | B37: ='Absensi 10-5'!AO36 -> MUHAMAD PAHMI PUTRA SANGGARA | C37: ='Absensi 10-5'!AP36 -> L | D37: 52.153846 | T37: =IFERROR(IF(S$11=0,ROUNDUP(SUM(D37:R37)/T$11,0),ROUNDUP(SUM(D37:R37)/T$11*70%+S37*30%,0)),"") -> 53
A38: 27 | B38: ='Absensi 10-5'!AO37 -> MUHAMMAD AZRIL ILHAM | C38: ='Absensi 10-5'!AP37 -> L | D38: 52.153846 | T38: =IFERROR(IF(S$11=0,ROUNDUP(SUM(D38:R38)/T$11,0),ROUNDUP(SUM(D38:R38)/T$11*70%+S38*30%,0)),"") -> 53 | V38: PH 10
A39: 28 | B39: ='Absensi 10-5'!AO38 -> MUHAMMAD KAFI AL-FATIH | C39: ='Absensi 10-5'!AP38 -> L | D39: 69.384615 | T39: =IFERROR(IF(S$11=0,ROUNDUP(SUM(D39:R39)/T$11,0),ROUNDUP(SUM(D39:R39)/T$11*70%+S39*30%,0)),"") -> 70
A40: 29 | B40: ='Absensi 10-5'!AO39 -> MUHAMMAD KARIZA AL FAKHRI | C40: ='Absensi 10-5'!AP39 -> L | D40: 67.230769 | T40: =IFERROR(IF(S$11=0,ROUNDUP(SUM(D40:R40)/T$11,0),ROUNDUP(SUM(D40:R40)/T$11*70%+S40*30%,0)),"") -> 68
A41: 30 | B41: ='Absensi 10-5'!AO40 -> MUHAMMAD MAHIN | C41: ='Absensi 10-5'!AP40 -> L | D41: 67.230769 | T41: =IFERROR(IF(S$11=0,ROUNDUP(SUM(D41:R41)/T$11,0),ROUNDUP(SUM(D41:R41)/T$11*70%+S41*30%,0)),"") -> 68 | V41: PH 11
A42: 31 | B42: ='Absensi 10-5'!AO41 -> MUHAMMAD WILDAN FIRDAUS | C42: ='Absensi 10-5'!AP41 -> L | D42: 60.769231 | T42: =IFERROR(IF(S$11=0,ROUNDUP(SUM(D42:R42)/T$11,0),ROUNDUP(SUM(D42:R42)/T$11*70%+S42*30%,0)),"") -> 61
A43: 32 | B43: ='Absensi 10-5'!AO42 -> NAILA DZIKRIA AZMI | C43: ='Absensi 10-5'!AP42 -> P | D43: 73.692308 | T43: =IFERROR(IF(S$11=0,ROUNDUP(SUM(D43:R43)/T$11,0),ROUNDUP(SUM(D43:R43)/T$11*70%+S43*30%,0)),"") -> 74
A44: 33 | B44: ='Absensi 10-5'!AO43 -> NAJLA DWI MUSTIKA | C44: ='Absensi 10-5'!AP43 -> P | D44: 65.076923 | T44: =IFERROR(IF(S$11=0,ROUNDUP(SUM(D44:R44)/T$11,0),ROUNDUP(SUM(D44:R44)/T$11*70%+S44*30%,0)),"") -> 66 | V44: PH 12
A45: 34 | B45: ='Absensi 10-5'!AO44 -> NANDA FAUZIAH SULISTIO | C45: ='Absensi 10-5'!AP44 -> P | D45: 67.230769 | T45: =IFERROR(IF(S$11=0,ROUNDUP(SUM(D45:R45)/T$11,0),ROUNDUP(SUM(D45:R45)/T$11*70%+S45*30%,0)),"") -> 68
A46: 35 | B46: ='Absensi 10-5'!AO45 -> NIZAM ALHABSI | C46: ='Absensi 10-5'!AP45 -> L | D46: 60.769231 | T46: =IFERROR(IF(S$11=0,ROUNDUP(SUM(D46:R46)/T$11,0),ROUNDUP(SUM(D46:R46)/T$11*70%+S46*30%,0)),"") -> 61
A47: 36 | B47: ='Absensi 10-5'!AO46 -> PASCALIA PUTRI ISMAYA | C47: ='Absensi 10-5'!AP46 -> P | D47: 65.076923 | T47: =IFERROR(IF(S$11=0,ROUNDUP(SUM(D47:R47)/T$11,0),ROUNDUP(SUM(D47:R47)/T$11*70%+S47*30%,0)),"") -> 66 | V47: PH 13
A48: 37 | B48: ='Absensi 10-5'!AO47 -> PUTRI AULIA | C48: ='Absensi 10-5'!AP47 -> P | D48: 54.307692 | T48: =IFERROR(IF(S$11=0,ROUNDUP(SUM(D48:R48)/T$11,0),ROUNDUP(SUM(D48:R48)/T$11*70%+S48*30%,0)),"") -> 55
A49: 38 | B49: ='Absensi 10-5'!AO48 -> REDI RAHMANA | C49: ='Absensi 10-5'!AP48 -> L | D49: 58.615385 | T49: =IFERROR(IF(S$11=0,ROUNDUP(SUM(D49:R49)/T$11,0),ROUNDUP(SUM(D49:R49)/T$11*70%+S49*30%,0)),"") -> 59
A50: 39 | B50: ='Absensi 10-5'!AO49 -> REYSHA PERMATA KASIH | C50: ='Absensi 10-5'!AP49 -> P | D50: 62.923077 | T50: =IFERROR(IF(S$11=0,ROUNDUP(SUM(D50:R50)/T$11,0),ROUNDUP(SUM(D50:R50)/T$11*70%+S50*30%,0)),"") -> 63 | V50: PH 14
A51: 40 | B51: ='Absensi 10-5'!AO50 -> SAKHA FAWWAZUL FIKRI | C51: ='Absensi 10-5'!AP50 -> L | D51: 65.076923 | T51: =IFERROR(IF(S$11=0,ROUNDUP(SUM(D51:R51)/T$11,0),ROUNDUP(SUM(D51:R51)/T$11*70%+S51*30%,0)),"") -> 66
A52: 41 | B52: ='Absensi 10-5'!AO51 -> SYABIL FAUZAN ALTAAF | C52: ='Absensi 10-5'!AP51 -> L | D52: 58.615385 | T52: =IFERROR(IF(S$11=0,ROUNDUP(SUM(D52:R52)/T$11,0),ROUNDUP(SUM(D52:R52)/T$11*70%+S52*30%,0)),"") -> 59
A53: 42 | B53: ='Absensi 10-5'!AO52 -> TIARA SILVIA | C53: ='Absensi 10-5'!AP52 -> P | D53: 78 | T53: =IFERROR(IF(S$11=0,ROUNDUP(SUM(D53:R53)/T$11,0),ROUNDUP(SUM(D53:R53)/T$11*70%+S53*30%,0)),"") -> 78
A54: 43 | B54: ='Absensi 10-5'!AO53 -> TRINANSYAH WIDYANA | C54: ='Absensi 10-5'!AP53 -> L | D54: 62.923077 | T54: =IFERROR(IF(S$11=0,ROUNDUP(SUM(D54:R54)/T$11,0),ROUNDUP(SUM(D54:R54)/T$11*70%+S54*30%,0)),"") -> 63
A55: 44 | B55: ='Absensi 10-5'!AO54 -> WENDRIK ISMAIL | C55: ='Absensi 10-5'!AP54 -> L | D55: 50 | T55: =IFERROR(IF(S$11=0,ROUNDUP(SUM(D55:R55)/T$11,0),ROUNDUP(SUM(D55:R55)/T$11*70%+S55*30%,0)),"") -> 50
A56: 45 | B56: ='Absensi 10-5'!AO55 -> YUSUF NAUFAL HABIBI | C56: ='Absensi 10-5'!AP55 -> L | D56: 60.769231 | T56: =IFERROR(IF(S$11=0,ROUNDUP(SUM(D56:R56)/T$11,0),ROUNDUP(SUM(D56:R56)/T$11*70%+S56*30%,0)),"") -> 61
A57: 46 | B57: ='Absensi 10-5'!AO56 -> ZAHIRA NAFISSA | C57: ='Absensi 10-5'!AP56 -> P | D57: 67.230769 | T57: =IFERROR(IF(S$11=0,ROUNDUP(SUM(D57:R57)/T$11,0),ROUNDUP(SUM(D57:R57)/T$11*70%+S57*30%,0)),"") -> 68
A58: 47 | B58: ='Absensi 10-5'!AO57 | C58: ='Absensi 10-5'!AP57 | T58: =IFERROR(IF(S$11=0,ROUNDUP(SUM(D58:R58)/T$11,0),ROUNDUP(SUM(D58:R58)/T$11*70%+S58*30%,0)),"") -> 0
A59: 48 | B59: ='Absensi 10-5'!AO58 | C59: ='Absensi 10-5'!AP58 | T59: =IFERROR(IF(S$11=0,ROUNDUP(SUM(D59:R59)/T$11,0),ROUNDUP(SUM(D59:R59)/T$11*70%+S59*30%,0)),"") -> 0
B61: =CONCATENATE('Absensi 10-5'!B60) -> Jumlah Siswa : | E61: ='Absensi 10-5'!AT60 -> Mengetahui, | V61: ='Absensi 10-5'!BU60 -> Bandung, Oktober 2026
B62: =CONCATENATE('Absensi 10-5'!B61) -> Laki-laki | C62: =COUNTIF(C12:C59,"L") -> 22 | E62: ='Absensi 10-5'!AT61 -> Wali Kelas | V62: ='Absensi 10-5'!BU61 -> Guru Mata Pelajaran
B63: =CONCATENATE('Absensi 10-5'!B62) -> Perempuan | C63: =COUNTIF(C12:C59,"P") -> 24
B64: =CONCATENATE('Absensi 10-5'!B63) -> Total | C64: =SUM(C62:C63) -> 46
E66: ='Absensi 10-5'!AT65 -> Moch. Maulana Hidayat, S.Pd. | V66: ='Absensi 10-5'!BU65 -> AHMAD NURSYIFA, S.Kom.
E67: ='Absensi 10-5'!AT66 -> NIP. 199011162024211011 | V67: ='Absensi 10-5'!BU66 -> NIP. -
A68: =A1 -> FORM NILAI PESERTA DIDIK | B68: =B1 -> 0 | C68: =C1 -> 0 | D68: =D1 -> 0 | E68: =E1 -> 0 | F68: =F1 -> 0 | G68: =G1 -> 0 | H68: =H1 -> 0 | ... W68: =W1 -> 0
A69: =A2 -> SMA NEGERI 15 KOTA BANDUNG | B69: =B2 -> 0 | C69: =C2 -> 0 | D69: =D2 -> 0 | E69: =E2 -> 0 | F69: =F2 -> 0 | G69: =G2 -> 0 | H69: =H2 -> 0 | ... W69: =W2 -> 0
A70: =A3 -> TAHUN AJARAN 2026/2027 | B70: =B3 -> 0 | C70: =C3 -> 0 | D70: =D3 -> 0 | E70: =E3 -> 0 | F70: =F3 -> 0 | G70: =G3 -> 0 | H70: =H3 -> 0 | ... W70: =W3 -> 0
B72: =B5 -> Kelas | C72: =C5 -> 10-5 | V72: =V5 -> Nilai Kriteria Ketuntasan Minimal (KKM) | W72: =W5 -> 0
B73: =B6 -> Mata Pelajaran | C73: =C6 -> Informatika | V73: =V6 -> 78 | W73: =W6 -> 0
B74: =B7 -> Semester | C74: 2 (GENAP) | V74: =V7 -> 0 | W74: =W7 -> 0
A76: =A9 -> No | B76: =B9 -> Nama | C76: =C9 -> JK | D76: =D9 -> Nilai Harian | E76: =E9 -> 0 | F76: =F9 -> 0 | G76: =G9 -> 0 | H76: =H9 -> 0 | ... T76: =T9 -> R2 | V76: =V9 -> KD / Materi Pengetahuan : | W76: =W9 -> 0
A77: =A10 -> 0 | B77: =B10 -> 0 | C77: =C10 -> 0 | D77: =D10 -> PH 1 | E77: =E10 -> PH 2 | F77: =F10 -> PH 3 | G77: =G10 -> PH 4 | H77: =H10 -> PH 5 | ... T77: =T10 -> 0 | V77: =V10 -> 0 | W77: =W10 -> 0
D78: =IF(COUNTA(D79:D108)>0,1,0) -> 0 | E78: =IF(COUNTA(E79:E108)>0,1,0) -> 0 | F78: =IF(COUNTA(F79:F108)>0,1,0) -> 0 | G78: =IF(COUNTA(G79:G108)>0,1,0) -> 0 | H78: =IF(COUNTA(H79:H108)>0,1,0) -> 0 | I78: =IF(COUNTA(I79:I108)>0,1,0) -> 0 | J78: =IF(COUNTA(J79:J108)>0,1,0) -> 0 | K78: =IF(COUNTA(K79:K108)>0,1,0) -> 0 | ... R78: =IF(COUNTA(R79:R108)>0,1,0) -> 0 | S78: =IF(SUM(S79:S108)=0,0,1) -> 0 | T78: =SUM(D78:R78) -> 0
A79: =A12 -> 1 | B79: =IF(ISERROR(VLOOKUP(CONCATENATE(A79,$C$5),#REF!,4,0)),"",(VLOOKUP(CONCATENATE(A79,$C$5),#REF!,4,0))) | C79: =IF(ISERROR(VLOOKUP(CONCATENATE(A79,$C$5),#REF!,5,0)),"",(VLOOKUP(CONCATENATE(A79,$C$5),#REF!,5,0))) | T79: =IFERROR(IF(S$11=0,SUM(D79:R79)/T$11,SUM(D79:R79)/T$11*70%+S79*30%),"") -> 0 | V79: =V12 -> PH 1
A80: =A13 -> 2 | B80: =IF(ISERROR(VLOOKUP(CONCATENATE(A80,$C$5),#REF!,4,0)),"",(VLOOKUP(CONCATENATE(A80,$C$5),#REF!,4,0))) | C80: =IF(ISERROR(VLOOKUP(CONCATENATE(A80,$C$5),#REF!,5,0)),"",(VLOOKUP(CONCATENATE(A80,$C$5),#REF!,5,0))) | T80: =IFERROR(IF(S$11=0,ROUNDUP(SUM(D80:R80)/T$11,0),ROUNDUP(SUM(D80:R80)/T$11*70%+S80*30%,0)),"") -> 0 | V80: =V13 -> 0
A81: =A14 -> 3 | B81: =IF(ISERROR(VLOOKUP(CONCATENATE(A81,$C$5),#REF!,4,0)),"",(VLOOKUP(CONCATENATE(A81,$C$5),#REF!,4,0))) | C81: =IF(ISERROR(VLOOKUP(CONCATENATE(A81,$C$5),#REF!,5,0)),"",(VLOOKUP(CONCATENATE(A81,$C$5),#REF!,5,0))) | T81: =IFERROR(IF(S$11=0,ROUNDUP(SUM(D81:R81)/T$11,0),ROUNDUP(SUM(D81:R81)/T$11*70%+S81*30%,0)),"") -> 0 | V81: =V14 -> 0
A82: =A15 -> 4 | B82: =IF(ISERROR(VLOOKUP(CONCATENATE(A82,$C$5),#REF!,4,0)),"",(VLOOKUP(CONCATENATE(A82,$C$5),#REF!,4,0))) | C82: =IF(ISERROR(VLOOKUP(CONCATENATE(A82,$C$5),#REF!,5,0)),"",(VLOOKUP(CONCATENATE(A82,$C$5),#REF!,5,0))) | T82: =IFERROR(IF(S$11=0,ROUNDUP(SUM(D82:R82)/T$11,0),ROUNDUP(SUM(D82:R82)/T$11*70%+S82*30%,0)),"") -> 0 | V82: =V15 -> PH 2
A83: =A16 -> 5 | B83: =IF(ISERROR(VLOOKUP(CONCATENATE(A83,$C$5),#REF!,4,0)),"",(VLOOKUP(CONCATENATE(A83,$C$5),#REF!,4,0))) | C83: =IF(ISERROR(VLOOKUP(CONCATENATE(A83,$C$5),#REF!,5,0)),"",(VLOOKUP(CONCATENATE(A83,$C$5),#REF!,5,0))) | T83: =IFERROR(IF(S$11=0,ROUNDUP(SUM(D83:R83)/T$11,0),ROUNDUP(SUM(D83:R83)/T$11*70%+S83*30%,0)),"") -> 0 | V83: =V16 -> 0
A84: =A17 -> 6 | B84: =IF(ISERROR(VLOOKUP(CONCATENATE(A84,$C$5),#REF!,4,0)),"",(VLOOKUP(CONCATENATE(A84,$C$5),#REF!,4,0))) | C84: =IF(ISERROR(VLOOKUP(CONCATENATE(A84,$C$5),#REF!,5,0)),"",(VLOOKUP(CONCATENATE(A84,$C$5),#REF!,5,0))) | T84: =IFERROR(IF(S$11=0,ROUNDUP(SUM(D84:R84)/T$11,0),ROUNDUP(SUM(D84:R84)/T$11*70%+S84*30%,0)),"") -> 0 | V84: =V17 -> 0
A85: =A18 -> 7 | B85: =IF(ISERROR(VLOOKUP(CONCATENATE(A85,$C$5),#REF!,4,0)),"",(VLOOKUP(CONCATENATE(A85,$C$5),#REF!,4,0))) | C85: =IF(ISERROR(VLOOKUP(CONCATENATE(A85,$C$5),#REF!,5,0)),"",(VLOOKUP(CONCATENATE(A85,$C$5),#REF!,5,0))) | T85: =IFERROR(IF(S$11=0,ROUNDUP(SUM(D85:R85)/T$11,0),ROUNDUP(SUM(D85:R85)/T$11*70%+S85*30%,0)),"") -> 0 | V85: =V18 -> PH 3
A86: =A19 -> 8 | B86: =IF(ISERROR(VLOOKUP(CONCATENATE(A86,$C$5),#REF!,4,0)),"",(VLOOKUP(CONCATENATE(A86,$C$5),#REF!,4,0))) | C86: =IF(ISERROR(VLOOKUP(CONCATENATE(A86,$C$5),#REF!,5,0)),"",(VLOOKUP(CONCATENATE(A86,$C$5),#REF!,5,0))) | T86: =IFERROR(IF(S$11=0,ROUNDUP(SUM(D86:R86)/T$11,0),ROUNDUP(SUM(D86:R86)/T$11*70%+S86*30%,0)),"") -> 0 | V86: =V19 -> 0
A87: =A20 -> 9 | B87: =IF(ISERROR(VLOOKUP(CONCATENATE(A87,$C$5),#REF!,4,0)),"",(VLOOKUP(CONCATENATE(A87,$C$5),#REF!,4,0))) | C87: =IF(ISERROR(VLOOKUP(CONCATENATE(A87,$C$5),#REF!,5,0)),"",(VLOOKUP(CONCATENATE(A87,$C$5),#REF!,5,0))) | T87: =IFERROR(IF(S$11=0,ROUNDUP(SUM(D87:R87)/T$11,0),ROUNDUP(SUM(D87:R87)/T$11*70%+S87*30%,0)),"") -> 0 | V87: =V20 -> 0
A88: =A21 -> 10 | B88: =IF(ISERROR(VLOOKUP(CONCATENATE(A88,$C$5),#REF!,4,0)),"",(VLOOKUP(CONCATENATE(A88,$C$5),#REF!,4,0))) | C88: =IF(ISERROR(VLOOKUP(CONCATENATE(A88,$C$5),#REF!,5,0)),"",(VLOOKUP(CONCATENATE(A88,$C$5),#REF!,5,0))) | T88: =IFERROR(IF(S$11=0,ROUNDUP(SUM(D88:R88)/T$11,0),ROUNDUP(SUM(D88:R88)/T$11*70%+S88*30%,0)),"") -> 0 | V88: =V21 -> PH 4
A89: =A22 -> 11 | B89: =IF(ISERROR(VLOOKUP(CONCATENATE(A89,$C$5),#REF!,4,0)),"",(VLOOKUP(CONCATENATE(A89,$C$5),#REF!,4,0))) | C89: =IF(ISERROR(VLOOKUP(CONCATENATE(A89,$C$5),#REF!,5,0)),"",(VLOOKUP(CONCATENATE(A89,$C$5),#REF!,5,0))) | T89: =IFERROR(IF(S$11=0,ROUNDUP(SUM(D89:R89)/T$11,0),ROUNDUP(SUM(D89:R89)/T$11*70%+S89*30%,0)),"") -> 0 | V89: =V22 -> 0
A90: =A23 -> 12 | B90: =IF(ISERROR(VLOOKUP(CONCATENATE(A90,$C$5),#REF!,4,0)),"",(VLOOKUP(CONCATENATE(A90,$C$5),#REF!,4,0))) | C90: =IF(ISERROR(VLOOKUP(CONCATENATE(A90,$C$5),#REF!,5,0)),"",(VLOOKUP(CONCATENATE(A90,$C$5),#REF!,5,0))) | T90: =IFERROR(IF(S$11=0,ROUNDUP(SUM(D90:R90)/T$11,0),ROUNDUP(SUM(D90:R90)/T$11*70%+S90*30%,0)),"") -> 0 | V90: =V23 -> 0
A91: =A24 -> 13 | B91: =IF(ISERROR(VLOOKUP(CONCATENATE(A91,$C$5),#REF!,4,0)),"",(VLOOKUP(CONCATENATE(A91,$C$5),#REF!,4,0))) | C91: =IF(ISERROR(VLOOKUP(CONCATENATE(A91,$C$5),#REF!,5,0)),"",(VLOOKUP(CONCATENATE(A91,$C$5),#REF!,5,0))) | T91: =IFERROR(IF(S$11=0,ROUNDUP(SUM(D91:R91)/T$11,0),ROUNDUP(SUM(D91:R91)/T$11*70%+S91*30%,0)),"") -> 0 | V91: =V24 -> PH 5
... A97: =A30 -> 19 | B97: =IF(ISERROR(VLOOKUP(CONCATENATE(A97,$C$5),#REF!,4,0)),"",(VLOOKUP(CONCATENATE(A97,$C$5),#REF!,4,0))) | C97: =IF(ISERROR(VLOOKUP(CONCATENATE(A97,$C$5),#REF!,5,0)),"",(VLOOKUP(CONCATENATE(A97,$C$5),#REF!,5,0))) | T97: =IFERROR(IF(S$11=0,ROUNDUP(SUM(D97:R97)/T$11,0),ROUNDUP(SUM(D97:R97)/T$11*70%+S97*30%,0)),"") -> 0 | V97: =V30 -> PH 7
A98: =#REF! -> #REF! | B98: =IF(ISERROR(VLOOKUP(CONCATENATE(A98,$C$5),#REF!,4,0)),"",(VLOOKUP(CONCATENATE(A98,$C$5),#REF!,4,0))) | C98: =IF(ISERROR(VLOOKUP(CONCATENATE(A98,$C$5),#REF!,5,0)),"",(VLOOKUP(CONCATENATE(A98,$C$5),#REF!,5,0))) | T98: =IFERROR(IF(S$11=0,ROUNDUP(SUM(D98:R98)/T$11,0),ROUNDUP(SUM(D98:R98)/T$11*70%+S98*30%,0)),"") -> 0 | V98: =#REF! -> #REF!
A99: =A31 -> 20 | B99: =IF(ISERROR(VLOOKUP(CONCATENATE(A99,$C$5),#REF!,4,0)),"",(VLOOKUP(CONCATENATE(A99,$C$5),#REF!,4,0))) | C99: =IF(ISERROR(VLOOKUP(CONCATENATE(A99,$C$5),#REF!,5,0)),"",(VLOOKUP(CONCATENATE(A99,$C$5),#REF!,5,0))) | T99: =IFERROR(IF(S$11=0,ROUNDUP(SUM(D99:R99)/T$11,0),ROUNDUP(SUM(D99:R99)/T$11*70%+S99*30%,0)),"") -> 0 | V99: =V31 -> 0
A100: =A32 -> 21 | B100: =IF(ISERROR(VLOOKUP(CONCATENATE(A100,$C$5),#REF!,4,0)),"",(VLOOKUP(CONCATENATE(A100,$C$5),#REF!,4,0))) | C100: =IF(ISERROR(VLOOKUP(CONCATENATE(A100,$C$5),#REF!,5,0)),"",(VLOOKUP(CONCATENATE(A100,$C$5),#REF!,5,0))) | T100: =IFERROR(IF(S$11=0,ROUNDUP(SUM(D100:R100)/T$11,0),ROUNDUP(SUM(D100:R100)/T$11*70%+S100*30%,0)),"") -> 0 | V100: =V32 -> PH 8
A101: =A33 -> 22 | B101: =IF(ISERROR(VLOOKUP(CONCATENATE(A101,$C$5),#REF!,4,0)),"",(VLOOKUP(CONCATENATE(A101,$C$5),#REF!,4,0))) | C101: =IF(ISERROR(VLOOKUP(CONCATENATE(A101,$C$5),#REF!,5,0)),"",(VLOOKUP(CONCATENATE(A101,$C$5),#REF!,5,0))) | T101: =IFERROR(IF(S$11=0,ROUNDUP(SUM(D101:R101)/T$11,0),ROUNDUP(SUM(D101:R101)/T$11*70%+S101*30%,0)),"") -> 0 | V101: =V33 -> 0
A102: =A34 -> 23 | B102: =IF(ISERROR(VLOOKUP(CONCATENATE(A102,$C$5),#REF!,4,0)),"",(VLOOKUP(CONCATENATE(A102,$C$5),#REF!,4,0))) | C102: =IF(ISERROR(VLOOKUP(CONCATENATE(A102,$C$5),#REF!,5,0)),"",(VLOOKUP(CONCATENATE(A102,$C$5),#REF!,5,0))) | T102: =IFERROR(IF(S$11=0,ROUNDUP(SUM(D102:R102)/T$11,0),ROUNDUP(SUM(D102:R102)/T$11*70%+S102*30%,0)),"") -> 0 | V102: =V34 -> 0
A103: =A35 -> 24 | B103: =IF(ISERROR(VLOOKUP(CONCATENATE(A103,$C$5),#REF!,4,0)),"",(VLOOKUP(CONCATENATE(A103,$C$5),#REF!,4,0))) | C103: =IF(ISERROR(VLOOKUP(CONCATENATE(A103,$C$5),#REF!,5,0)),"",(VLOOKUP(CONCATENATE(A103,$C$5),#REF!,5,0))) | T103: =IFERROR(IF(S$11=0,ROUNDUP(SUM(D103:R103)/T$11,0),ROUNDUP(SUM(D103:R103)/T$11*70%+S103*30%,0)),"") -> 0 | V103: =V35 -> PH 9
A104: =A36 -> 25 | B104: =IF(ISERROR(VLOOKUP(CONCATENATE(A104,$C$5),#REF!,4,0)),"",(VLOOKUP(CONCATENATE(A104,$C$5),#REF!,4,0))) | C104: =IF(ISERROR(VLOOKUP(CONCATENATE(A104,$C$5),#REF!,5,0)),"",(VLOOKUP(CONCATENATE(A104,$C$5),#REF!,5,0))) | T104: =IFERROR(IF(S$11=0,ROUNDUP(SUM(D104:R104)/T$11,0),ROUNDUP(SUM(D104:R104)/T$11*70%+S104*30%,0)),"") -> 0 | V104: =V36 -> 0
A105: =A37 -> 26 | B105: =IF(ISERROR(VLOOKUP(CONCATENATE(A105,$C$5),#REF!,4,0)),"",(VLOOKUP(CONCATENATE(A105,$C$5),#REF!,4,0))) | C105: =IF(ISERROR(VLOOKUP(CONCATENATE(A105,$C$5),#REF!,5,0)),"",(VLOOKUP(CONCATENATE(A105,$C$5),#REF!,5,0))) | T105: =IFERROR(IF(S$11=0,ROUNDUP(SUM(D105:R105)/T$11,0),ROUNDUP(SUM(D105:R105)/T$11*70%+S105*30%,0)),"") -> 0 | V105: =V37 -> 0
A106: =A38 -> 27 | B106: =IF(ISERROR(VLOOKUP(CONCATENATE(A106,$C$5),#REF!,4,0)),"",(VLOOKUP(CONCATENATE(A106,$C$5),#REF!,4,0))) | C106: =IF(ISERROR(VLOOKUP(CONCATENATE(A106,$C$5),#REF!,5,0)),"",(VLOOKUP(CONCATENATE(A106,$C$5),#REF!,5,0))) | T106: =IFERROR(IF(S$11=0,ROUNDUP(SUM(D106:R106)/T$11,0),ROUNDUP(SUM(D106:R106)/T$11*70%+S106*30%,0)),"") -> 0 | V106: =V38 -> PH 10
A107: =A39 -> 28 | B107: =IF(ISERROR(VLOOKUP(CONCATENATE(A107,$C$5),#REF!,4,0)),"",(VLOOKUP(CONCATENATE(A107,$C$5),#REF!,4,0))) | C107: =IF(ISERROR(VLOOKUP(CONCATENATE(A107,$C$5),#REF!,5,0)),"",(VLOOKUP(CONCATENATE(A107,$C$5),#REF!,5,0))) | T107: =IFERROR(IF(S$11=0,ROUNDUP(SUM(D107:R107)/T$11,0),ROUNDUP(SUM(D107:R107)/T$11*70%+S107*30%,0)),"") -> 0 | V107: =V39 -> 0
A108: =A59 -> 48 | B108: =IF(ISERROR(VLOOKUP(CONCATENATE(A108,$C$5),#REF!,4,0)),"",(VLOOKUP(CONCATENATE(A108,$C$5),#REF!,4,0))) | C108: =IF(ISERROR(VLOOKUP(CONCATENATE(A108,$C$5),#REF!,5,0)),"",(VLOOKUP(CONCATENATE(A108,$C$5),#REF!,5,0))) | T108: =IFERROR(IF(S$11=0,ROUNDUP(SUM(D108:R108)/T$11,0),ROUNDUP(SUM(D108:R108)/T$11*70%+S108*30%,0)),"") -> 0 | V108: =V59 -> 0
B110: =B61 -> Jumlah Siswa : | E110: =E61 -> Mengetahui, | V110: ="Bandung Barat, "&IF(C74="1 (GANJIL)","Desember "&MID(#REF!,1,4),"Juni "&MID(#REF!,6,4)) -> #REF!
B111: =B62 -> Laki-laki | C111: =C62 -> 22 | E111: =E62 -> Wali Kelas | V111: =#REF! -> #REF!
B112: =B63 -> Perempuan | C112: =C63 -> 24
...

Sheet PTS
C1: correct | D1: 25*4 | E1: min 3 a 35 max 16 a 65
A2: 1 | B2: ADINDA PRABANDARI KINASIH | C2: 7 | D2: =C2*4 -> 28 | E2: =50+(C2-3)*(78-50)/(16-3) -> 58.615385
A3: 2 | B3: ALIFA MEYLANI SAFITRI | C3: 5 | D3: =C3*4 -> 20 | E3: =50+(C3-3)*(78-50)/(16-3) -> 54.307692
A4: 3 | B4: AMALIA NURFADILAH | C4: 9 | D4: =C4*4 -> 36 | E4: =50+(C4-3)*(78-50)/(16-3) -> 62.923077
A5: 4 | B5: ARIA KUSUMAH | C5: 11 | D5: =C5*4 -> 44 | E5: =50+(C5-3)*(78-50)/(16-3) -> 67.230769
A6: 5 | B6: AULIA KINASIH | C6: 10 | D6: =C6*4 -> 40 | E6: =50+(C6-3)*(78-50)/(16-3) -> 65.076923
A7: 6 | B7: BALQIS FANIDA SORAYA | C7: 5 | D7: =C7*4 -> 20 | E7: =50+(C7-3)*(78-50)/(16-3) -> 54.307692
A8: 7 | B8: CAHYA ISMAIL | C8: 3 | D8: =C8*4 -> 12 | E8: =50+(C8-3)*(78-50)/(16-3) -> 50
A9: 8 | B9: CHIARA HASNA ZHAFIRA | C9: 10 | D9: =C9*4 -> 40 | E9: =50+(C9-3)*(78-50)/(16-3) -> 65.076923
A10: 9 | B10: DEVILIA AULIA PUTRI | C10: 10 | D10: =C10*4 -> 40 | E10: =50+(C10-3)*(78-50)/(16-3) -> 65.076923
A11: 10 | B11: EGA YUDA NUGRAHA | C11: 11 | D11: =C11*4 -> 44 | E11: =50+(C11-3)*(78-50)/(16-3) -> 67.230769
A12: 11 | B12: ELMIRA ZAHIYA RUSDI | C12: 9 | D12: =C12*4 -> 36 | E12: =50+(C12-3)*(78-50)/(16-3) -> 62.923077
A13: 12 | B13: FAHRAN FATUROHMAN | C13: 9 | D13: =C13*4 -> 36 | E13: =50+(C13-3)*(78-50)/(16-3) -> 62.923077
... A47: 46 | B47: ZAHIRA NAFISSA | C47: 11 | D47: =C47*4 -> 44 | E47: =50+(C47-3)*(78-50)/(16-3) -> 67.230769

Sheet DSS
A2: ANALISIS DAYA SERAP SISWA
A3: =#REF! -> #REF!
A4: =#REF! -> #REF!
A5: =#REF! -> #REF!
B7: MATA PELAJARAN | D7: =#REF! -> #REF!
B8: KELAS | D8: =#REF! -> #REF!
B9: SEMESTER | C9: =UPPER(#REF!) -> #REF! | D9: =#REF! -> #REF!
B10: JUMLAH SISWA | D10: =#REF! -> #REF!
A12: No | B12: Kompetensi Inti/ Kompetensi Dasar | E12: Tatap Muka Pembelajaran | H12: Pencapaian Target Kurikulum | K12: Daya Serap Siswa | M12: Ketuntasan Hasil Pembelajaran | Q12: Evaluasi KBM
H13: Jumlah KD | J13: % Target Kurikulum | K13: Nilai Harian Rata-rata / KD | L13: Prosentase Daya Serap Siswa / KD | M13: Ketuntasan/KD | O13: Ketuntasan Kelas
E14: Perencanaan | F14: Realisasi | G14: % TM Mengajar | H14: Dalam Silabus | I14: Realisasi | M14: Jml Siswa Remidiasi / KD | N14: % Ketuntasan / KD | O14: Rata-rata Jml Siswa Belum Tuntas tiap KD | P14: % Ketuntasan Kelas | Q14: Alasan (jika ketuntasan < 100%) | R14: Tindakan (jika ketuntasan < 100%)
A15: =IF('Program Semester'!A12="","",'Program Semester'!A12) | B15: =IF('Program Semester'!B12="","",'Program Semester'!B12) | E15: =IF('Program Semester'!C12="","",'Program Semester'!C12) | G15: =IF(ISERROR(F15/E15),"",(F15/E15)) | H15: =IF(COUNTA($A$15:$A$28)-COUNTIF($A$15:$A$28,"")=0,"",COUNTA($A$15:$A$28)-COUNTIF($A$15:$A$28,"")) | I15: =IF(H15="","",H15) | J15: =IFERROR(H15/I15,"") | K15: =IFERROR(AVERAGE('Nilai 10-5'!D12:D59),"") -> 63.016722 | L15: =IFERROR(K15/100,"") -> 0.63016722 | N15: =IF(A15="","",($D$10-M15)/$D$10) | O15: =IFERROR((SUM($M$15:$M$28))/$A$29,"") | P15: =IFERROR((($D$10-O15)/$D$10),"")
A16: =IF('Program Semester'!A13="","",'Program Semester'!A13) | B16: =IF('Program Semester'!B13="","",'Program Semester'!B13) | E16: =IF('Program Semester'!C13="","",'Program Semester'!C13) | G16: =IF(ISERROR(F16/E16),"",(F16/E16)) | K16: =IFERROR(AVERAGE('Nilai 10-5'!K12:K59),"") | L16: =IFERROR(K16/100,"") | N16: =IF(A16="","",($D$10-M16)/$D$10)
A17: =IF('Program Semester'!A14="","",'Program Semester'!A14) | B17: =IF('Program Semester'!B14="","",'Program Semester'!B14) | E17: =IF('Program Semester'!C14="","",'Program Semester'!C14) | G17: =IF(ISERROR(F17/E17),"",(F17/E17)) | K17: =IFERROR(AVERAGE('Nilai 10-5'!E12:E59),"") | L17: =IFERROR(K17/100,"") | N17: =IF(A17="","",($D$10-M17)/$D$10)
A18: =IF('Program Semester'!A15="","",'Program Semester'!A15) | B18: =IF('Program Semester'!B15="","",'Program Semester'!B15) | E18: =IF('Program Semester'!C15="","",'Program Semester'!C15) | G18: =IF(ISERROR(F18/E18),"",(F18/E18)) | K18: =IFERROR(AVERAGE('Nilai 10-5'!L12:L59),"") | L18: =IFERROR(K18/100,"") | N18: =IF(A18="","",($D$10-M18)/$D$10)
A19: =IF('Program Semester'!A16="","",'Program Semester'!A16) | B19: =IF('Program Semester'!B16="","",'Program Semester'!B16) | E19: =IF('Program Semester'!C16="","",'Program Semester'!C16) | G19: =IF(ISERROR(F19/E19),"",(F19/E19)) | K19: =IFERROR(AVERAGE('Nilai 10-5'!F12:F59),"") | L19: =IFERROR(K19/100,"") | N19: =IF(A19="","",($D$10-M19)/$D$10)
A20: =IF('Program Semester'!A17="","",'Program Semester'!A17) | B20: =IF('Program Semester'!B17="","",'Program Semester'!B17) | E20: =IF('Program Semester'!C17="","",'Program Semester'!C17) | G20: =IF(ISERROR(F20/E20),"",(F20/E20)) | K20: =IFERROR(AVERAGE('Nilai 10-5'!M12:M59),"") | L20: =IFERROR(K20/100,"") | N20: =IF(A20="","",($D$10-M20)/$D$10)
A21: =IF('Program Semester'!A18="","",'Program Semester'!A18) | B21: =IF('Program Semester'!B18="","",'Program Semester'!B18) | E21: =IF('Program Semester'!C18="","",'Program Semester'!C18) | G21: =IF(ISERROR(F21/E21),"",(F21/E21)) | K21: =IFERROR(AVERAGE('Nilai 10-5'!G12:G59),"") | L21: =IFERROR(K21/100,"") | N21: =IF(A21="","",($D$10-M21)/$D$10)
A22: =IF('Program Semester'!A19="","",'Program Semester'!A19) | B22: =IF('Program Semester'!B19="","",'Program Semester'!B19) | E22: =IF('Program Semester'!C19="","",'Program Semester'!C19) | G22: =IF(ISERROR(F22/E22),"",(F22/E22)) | K22: =IFERROR(AVERAGE('Nilai 10-5'!O12:O59),"") | L22: =IFERROR(K22/100,"") | N22: =IF(A22="","",($D$10-M22)/$D$10)
A23: =IF('Program Semester'!A20="","",'Program Semester'!A20) | B23: =IF('Program Semester'!B20="","",'Program Semester'!B20) | E23: =IF('Program Semester'!C20="","",'Program Semester'!C20) | G23: =IF(ISERROR(F23/E23),"",(F23/E23)) | K23: =IFERROR(AVERAGE('Nilai 10-5'!H12:H59),"") | L23: =IFERROR(K23/100,"") | N23: =IF(A23="","",($D$10-M23)/$D$10)
A24: =IF('Program Semester'!A21="","",'Program Semester'!A21) | B24: =IF('Program Semester'!B21="","",'Program Semester'!B21) | E24: =IF('Program Semester'!C21="","",'Program Semester'!C21) | G24: =IF(ISERROR(F24/E24),"",(F24/E24)) | K24: =IFERROR(AVERAGE('Nilai 10-5'!P12:P59),"") | L24: =IFERROR(K24/100,"") | N24: =IF(A24="","",($D$10-M24)/$D$10)
A25: =IF('Program Semester'!A22="","",'Program Semester'!A22) | B25: =IF('Program Semester'!B22="","",'Program Semester'!B22) | E25: =IF('Program Semester'!C22="","",'Program Semester'!C22) | G25: =IF(ISERROR(F25/E25),"",(F25/E25)) | K25: =IFERROR(AVERAGE('Nilai 10-5'!I12:I59),"") | L25: =IFERROR(K25/100,"") | N25: =IF(A25="","",($D$10-M25)/$D$10)
A26: =IF('Program Semester'!A23="","",'Program Semester'!A23) | B26: =IF('Program Semester'!B23="","",'Program Semester'!B23) | E26: =IF('Program Semester'!C23="","",'Program Semester'!C23) | G26: =IF(ISERROR(F26/E26),"",(F26/E26)) | K26: =IFERROR(AVERAGE('Nilai 10-5'!Q12:Q59),"") | L26: =IFERROR(K26/100,"") | N26: =IF(A26="","",($D$10-M26)/$D$10)
A27: =IF('Program Semester'!A24="","",'Program Semester'!A24) | B27: =IF('Program Semester'!B24="","",'Program Semester'!B24) | E27: =IF('Program Semester'!C24="","",'Program Semester'!C24) | G27: =IF(ISERROR(F27/E27),"",(F27/E27)) | K27: =IFERROR(AVERAGE('Nilai 10-5'!J12:J59),"") | L27: =IFERROR(K27/100,"") | N27: =IF(A27="","",($D$10-M27)/$D$10)
A28: =IF('Program Semester'!A25="","",'Program Semester'!A25) | B28: =IF('Program Semester'!B25="","",'Program Semester'!B25) | E28: =IF('Program Semester'!C25="","",'Program Semester'!C25) | G28: =IF(ISERROR(F28/E28),"",(F28/E28)) | K28: =IFERROR(AVERAGE('Nilai 10-5'!R12:R59),"") | L28: =IFERROR(K28/100,"") | N28: =IF(A28="","",($D$10-M28)/$D$10)
A29: =COUNTA(A15:A28)-COUNTBLANK(A15:A28) -> 0
B30: =#REF! -> #REF! | Q30: ="Bandung Barat, "&IF(#REF!="1 (Ganjil)","Desember "&MID(#REF!,1,4),"Juni "&MID(#REF!,6,4)) -> #REF!
B31: =#REF! -> #REF! | Q31: =#REF! -> #REF!
B35: =#REF! -> #REF! | Q35: =#REF! -> #REF!
B36: =#REF! -> #REF! | Q36: =#REF! -> #REF!

Sheet Daftar Cetak
A1: NO | B1: NAMA | C1: MATA PELAJARAN | D1: SUDAH CETAK | E1: DIBERIKAN
A2: 1 | B2: =#REF! -> #REF! | C2: Matematika & Pendampingan | D2: P | E2: P
A3: 2 | B3: =#REF! -> #REF! | C3: Bahasa Indonesia (11) | D3: P | E3: P
A4: 3 | B4: =#REF! -> #REF! | C4: Bahasa Indonesia (10 & 12) | D4: P
A5: 4 | B5: =#REF! -> #REF! | C5: PJOK | D5: P | E5: P
A6: 5 | B6: =#REF! -> #REF! | C6: Sosiologi | D6: P | E6: P
A7: 6 | B7: =#REF! -> #REF! | C7: Bahasa Arab | D7: P
A8: 7 | B8: =#REF! -> #REF! | C8: Akidah Akhlak | D8: P
A9: 8 | B9: =#REF! -> #REF! | C9: PPKN | D9: P
A10: 9 | B10: =#REF! -> #REF! | C10: Bahasa Inggris | D10: P
A11: 10 | B11: =#REF! -> #REF! | C11: Prakarya (11 & 12) | D11: P
A12: 11 | B12: =#REF! -> #REF! | C12: Ekonomi | D12: P | E12: P
A13: 12 | B13: =#REF! -> #REF! | C13: SKI | D13: P
A14: 13 | B14: =#REF! -> #REF! | C14: Fiqih & Seni Budaya | D14: P
A15: 14 | B15: =#REF! -> #REF! | C15: Al-Qur`an Hadits & BTQ | D15: P
A16: 15 | B16: =#REF! -> #REF! | C16: Geografi | D16: P
A17: 16 | B17: =#REF! -> #REF! | C17: Bahasa Sunda | D17: P | E17: P
A18: 17 | B18: =#REF! -> #REF! | C18: Informatika | D18: P
A19: 18 | B19: =#REF! -> #REF! | C19: Sejarah | D19: P
A20: 19 | B20: =#REF! -> #REF! | C20: -
