Workbook

Sheet Data Jawaban & Skor
A1: ANALISIS HASIL EVALUASI PESERTA DIDIK
A2: Mata Pelajaran: PMA | Jumlah Peserta: 20 Siswa | Jumlah Soal: 20 Butir
A4: KUNCI JAWABAN | C4: A | D4: B | E4: B | F4: A | G4: C | H4: C | I4: A | J4: C | K4: D | L4: E | M4: E | N4: D | O4: D | P4: C | Q4: C | R4: B | S4: B | T4: A | U4: A | V4: E
A5: NO | B5: NAMA SISWA | C5: S1 | D5: S2 | E5: S3 | F5: S4 | G5: S5 | H5: S6 | I5: S7 | J5: S8 | K5: S9 | L5: S10 | M5: S11 | N5: S12 | O5: S13 | P5: S14 | Q5: S15 | R5: S16 | S5: S17 | T5: S18 | U5: S19 | V5: S20 | W5: SKOR TOTAL
A6: 1 | B6: Siswa 1 | C6: B | D6: B | E6: A | F6: B | G6: A | H6: C | I6: C | J6: C | K6: B | L6: A | M6: E | N6: D | O6: D | P6: C | Q6: C | R6: B | S6: B | T6: C | U6: B | V6: B | W6: =IF(C6=C$4,1,0)+IF(D6=D$4,1,0)+IF(E6=E$4,1,0)+IF(F6=F$4,1,0)+IF(G6=G$4,1,0)+IF(H6=H$4,1,0)+IF(I6=I$4,1,0)+IF(J6=J$4,1,0)+IF(K6=K$4,1,0)+IF(L6=L$4,1,0)+IF(M6=M$4,1,0)+IF(N6=N$4,1,0)+IF(O6=O$4,1,0)+IF(P6=P$4,1,0)+IF(Q6=Q$4,1,0)+IF(R6=R$4,1,0)+IF(S6=S$4,1,0)+IF(T6=T$4,1,0)+IF(U6=U$4,1,0)+IF(V6=V$4,1,0)
A7: 2 | B7: Siswa 2 | C7: A | D7: A | E7: B | F7: B | G7: A | H7: C | I7: C | J7: A | K7: C | L7: A | M7: C | N7: D | O7: E | P7: E | Q7: C | R7: B | S7: B | T7: A | U7: A | V7: A | W7: =IF(C7=C$4,1,0)+IF(D7=D$4,1,0)+IF(E7=E$4,1,0)+IF(F7=F$4,1,0)+IF(G7=G$4,1,0)+IF(H7=H$4,1,0)+IF(I7=I$4,1,0)+IF(J7=J$4,1,0)+IF(K7=K$4,1,0)+IF(L7=L$4,1,0)+IF(M7=M$4,1,0)+IF(N7=N$4,1,0)+IF(O7=O$4,1,0)+IF(P7=P$4,1,0)+IF(Q7=Q$4,1,0)+IF(R7=R$4,1,0)+IF(S7=S$4,1,0)+IF(T7=T$4,1,0)+IF(U7=U$4,1,0)+IF(V7=V$4,1,0)
A8: 3 | B8: Siswa 3 | C8: B | D8: B | E8: B | F8: A | G8: C | H8: C | I8: C | J8: A | K8: D | L8: E | M8: E | N8: D | O8: D | P8: C | Q8: C | R8: B | S8: B | T8: C | U8: B | V8: B | W8: =IF(C8=C$4,1,0)+IF(D8=D$4,1,0)+IF(E8=E$4,1,0)+IF(F8=F$4,1,0)+IF(G8=G$4,1,0)+IF(H8=H$4,1,0)+IF(I8=I$4,1,0)+IF(J8=J$4,1,0)+IF(K8=K$4,1,0)+IF(L8=L$4,1,0)+IF(M8=M$4,1,0)+IF(N8=N$4,1,0)+IF(O8=O$4,1,0)+IF(P8=P$4,1,0)+IF(Q8=Q$4,1,0)+IF(R8=R$4,1,0)+IF(S8=S$4,1,0)+IF(T8=T$4,1,0)+IF(U8=U$4,1,0)+IF(V8=V$4,1,0)
A9: 4 | B9: Siswa 4 | C9: A | D9: A | E9: B | F9: B | G9: A | H9: D | I9: C | J9: A | K9: D | L9: E | M9: E | N9: D | O9: D | P9: C | Q9: C | R9: C | S9: B | T9: B | U9: A | V9: A | W9: =IF(C9=C$4,1,0)+IF(D9=D$4,1,0)+IF(E9=E$4,1,0)+IF(F9=F$4,1,0)+IF(G9=G$4,1,0)+IF(H9=H$4,1,0)+IF(I9=I$4,1,0)+IF(J9=J$4,1,0)+IF(K9=K$4,1,0)+IF(L9=L$4,1,0)+IF(M9=M$4,1,0)+IF(N9=N$4,1,0)+IF(O9=O$4,1,0)+IF(P9=P$4,1,0)+IF(Q9=Q$4,1,0)+IF(R9=R$4,1,0)+IF(S9=S$4,1,0)+IF(T9=T$4,1,0)+IF(U9=U$4,1,0)+IF(V9=V$4,1,0)
A10: 5 | B10: Siswa 5 | C10: B | D10: A | E10: B | F10: A | G10: D | H10: C | I10: A | J10: C | K10: D | L10: E | M10: E | N10: A | O10: C | P10: C | Q10: A | R10: C | S10: D | T10: E | U10: E | V10: E | W10: =IF(C10=C$4,1,0)+IF(D10=D$4,1,0)+IF(E10=E$4,1,0)+IF(F10=F$4,1,0)+IF(G10=G$4,1,0)+IF(H10=H$4,1,0)+IF(I10=I$4,1,0)+IF(J10=J$4,1,0)+IF(K10=K$4,1,0)+IF(L10=L$4,1,0)+IF(M10=M$4,1,0)+IF(N10=N$4,1,0)+IF(O10=O$4,1,0)+IF(P10=P$4,1,0)+IF(Q10=Q$4,1,0)+IF(R10=R$4,1,0)+IF(S10=S$4,1,0)+IF(T10=T$4,1,0)+IF(U10=U$4,1,0)+IF(V10=V$4,1,0)
A11: 6 | B11: Siswa 6 | C11: B | D11: B | E11: A | F11: D | G11: C | H11: A | I11: C | J11: D | K11: E | L11: E | M11: D | N11: D | O11: E | P11: D | Q11: D | R11: B | S11: B | T11: C | U11: B | V11: B | W11: =IF(C11=C$4,1,0)+IF(D11=D$4,1,0)+IF(E11=E$4,1,0)+IF(F11=F$4,1,0)+IF(G11=G$4,1,0)+IF(H11=H$4,1,0)+IF(I11=I$4,1,0)+IF(J11=J$4,1,0)+IF(K11=K$4,1,0)+IF(L11=L$4,1,0)+IF(M11=M$4,1,0)+IF(N11=N$4,1,0)+IF(O11=O$4,1,0)+IF(P11=P$4,1,0)+IF(Q11=Q$4,1,0)+IF(R11=R$4,1,0)+IF(S11=S$4,1,0)+IF(T11=T$4,1,0)+IF(U11=U$4,1,0)+IF(V11=V$4,1,0)
A12: 7 | B12: Siswa 7 | C12: A | D12: B | E12: B | F12: A | G12: D | H12: C | I12: A | J12: C | K12: C | L12: A | M12: C | N12: D | O12: E | P12: E | Q12: C | R12: B | S12: B | T12: A | U12: A | V12: C | W12: =IF(C12=C$4,1,0)+IF(D12=D$4,1,0)+IF(E12=E$4,1,0)+IF(F12=F$4,1,0)+IF(G12=G$4,1,0)+IF(H12=H$4,1,0)+IF(I12=I$4,1,0)+IF(J12=J$4,1,0)+IF(K12=K$4,1,0)+IF(L12=L$4,1,0)+IF(M12=M$4,1,0)+IF(N12=N$4,1,0)+IF(O12=O$4,1,0)+IF(P12=P$4,1,0)+IF(Q12=Q$4,1,0)+IF(R12=R$4,1,0)+IF(S12=S$4,1,0)+IF(T12=T$4,1,0)+IF(U12=U$4,1,0)+IF(V12=V$4,1,0)
A13: 8 | B13: Siswa 8 | C13: C | D13: A | E13: C | F13: D | G13: E | H13: E | I13: D | J13: D | K13: D | L13: E | M13: E | N13: D | O13: D | P13: C | Q13: B | R13: B | S13: A | T13: C | U13: B | V13: B | W13: =IF(C13=C$4,1,0)+IF(D13=D$4,1,0)+IF(E13=E$4,1,0)+IF(F13=F$4,1,0)+IF(G13=G$4,1,0)+IF(H13=H$4,1,0)+IF(I13=I$4,1,0)+IF(J13=J$4,1,0)+IF(K13=K$4,1,0)+IF(L13=L$4,1,0)+IF(M13=M$4,1,0)+IF(N13=N$4,1,0)+IF(O13=O$4,1,0)+IF(P13=P$4,1,0)+IF(Q13=Q$4,1,0)+IF(R13=R$4,1,0)+IF(S13=S$4,1,0)+IF(T13=T$4,1,0)+IF(U13=U$4,1,0)+IF(V13=V$4,1,0)
A14: 9 | B14: Siswa 9 | C14: A | D14: B | E14: B | F14: C | G14: A | H14: C | I14: D | J14: E | K14: E | L14: D | M14: D | N14: A | O14: C | P14: C | Q14: A | R14: C | S14: D | T14: E | U14: E | V14: E | W14: =IF(C14=C$4,1,0)+IF(D14=D$4,1,0)+IF(E14=E$4,1,0)+IF(F14=F$4,1,0)+IF(G14=G$4,1,0)+IF(H14=H$4,1,0)+IF(I14=I$4,1,0)+IF(J14=J$4,1,0)+IF(K14=K$4,1,0)+IF(L14=L$4,1,0)+IF(M14=M$4,1,0)+IF(N14=N$4,1,0)+IF(O14=O$4,1,0)+IF(P14=P$4,1,0)+IF(Q14=Q$4,1,0)+IF(R14=R$4,1,0)+IF(S14=S$4,1,0)+IF(T14=T$4,1,0)+IF(U14=U$4,1,0)+IF(V14=V$4,1,0)
A15: 10 | B15: Siswa 10 | C15: A | D15: C | E15: C | F15: A | G15: C | H15: D | I15: E | J15: E | K15: D | L15: E | M15: B | N15: B | O15: A | P15: C | Q15: C | R15: B | S15: B | T15: C | U15: B | V15: B | W15: =IF(C15=C$4,1,0)+IF(D15=D$4,1,0)+IF(E15=E$4,1,0)+IF(F15=F$4,1,0)+IF(G15=G$4,1,0)+IF(H15=H$4,1,0)+IF(I15=I$4,1,0)+IF(J15=J$4,1,0)+IF(K15=K$4,1,0)+IF(L15=L$4,1,0)+IF(M15=M$4,1,0)+IF(N15=N$4,1,0)+IF(O15=O$4,1,0)+IF(P15=P$4,1,0)+IF(Q15=Q$4,1,0)+IF(R15=R$4,1,0)+IF(S15=S$4,1,0)+IF(T15=T$4,1,0)+IF(U15=U$4,1,0)+IF(V15=V$4,1,0)
A16: 11 | B16: Siswa 11 | C16: C | D16: C | E16: A | F16: A | G16: D | H16: A | I16: A | J16: A | K16: B | L16: B | M16: B | N16: C | O16: A | P16: B | Q16: C | R16: D | S16: D | T16: E | U16: E | V16: A | W16: =IF(C16=C$4,1,0)+IF(D16=D$4,1,0)+IF(E16=E$4,1,0)+IF(F16=F$4,1,0)+IF(G16=G$4,1,0)+IF(H16=H$4,1,0)+IF(I16=I$4,1,0)+IF(J16=J$4,1,0)+IF(K16=K$4,1,0)+IF(L16=L$4,1,0)+IF(M16=M$4,1,0)+IF(N16=N$4,1,0)+IF(O16=O$4,1,0)+IF(P16=P$4,1,0)+IF(Q16=Q$4,1,0)+IF(R16=R$4,1,0)+IF(S16=S$4,1,0)+IF(T16=T$4,1,0)+IF(U16=U$4,1,0)+IF(V16=V$4,1,0)
A17: 12 | B17: Siswa 12 | C17: A | D17: A | E17: C | F17: C | G17: A | H17: A | I17: D | J17: A | K17: A | L17: A | M17: B | N17: B | O17: C | P17: A | Q17: B | R17: C | S17: D | T17: D | U17: E | V17: E | W17: =IF(C17=C$4,1,0)+IF(D17=D$4,1,0)+IF(E17=E$4,1,0)+IF(F17=F$4,1,0)+IF(G17=G$4,1,0)+IF(H17=H$4,1,0)+IF(I17=I$4,1,0)+IF(J17=J$4,1,0)+IF(K17=K$4,1,0)+IF(L17=L$4,1,0)+IF(M17=M$4,1,0)+IF(N17=N$4,1,0)+IF(O17=O$4,1,0)+IF(P17=P$4,1,0)+IF(Q17=Q$4,1,0)+IF(R17=R$4,1,0)+IF(S17=S$4,1,0)+IF(T17=T$4,1,0)+IF(U17=U$4,1,0)+IF(V17=V$4,1,0)
... A24: 19 | B24: Siswa 19 | C24: E | D24: B | E24: B | F24: A | G24: E | H24: A | I24: B | J24: B | K24: A | L24: C | M24: C | N24: C | O24: C | P24: A | Q24: C | R24: C | S24: A | T24: C | U24: D | V24: E | W24: =IF(C24=C$4,1,0)+IF(D24=D$4,1,0)+IF(E24=E$4,1,0)+IF(F24=F$4,1,0)+IF(G24=G$4,1,0)+IF(H24=H$4,1,0)+IF(I24=I$4,1,0)+IF(J24=J$4,1,0)+IF(K24=K$4,1,0)+IF(L24=L$4,1,0)+IF(M24=M$4,1,0)+IF(N24=N$4,1,0)+IF(O24=O$4,1,0)+IF(P24=P$4,1,0)+IF(Q24=Q$4,1,0)+IF(R24=R$4,1,0)+IF(S24=S$4,1,0)+IF(T24=T$4,1,0)+IF(U24=U$4,1,0)+IF(V24=V$4,1,0)
A25: MATRIKS SKOR BINER (BENAR = 1, SALAH = 0) | B25: Siswa 20 | C25: A | D25: B | E25: A | F25: A | G25: E | H25: B | I25: A | J25: C | K25: A | L25: C | M25: D | N25: E | O25: E | P25: D | Q25: D | R25: E | S25: D | T25: D | U25: B | V25: B | W25: =IF(C25=C$4,1,0)+IF(D25=D$4,1,0)+IF(E25=E$4,1,0)+IF(F25=F$4,1,0)+IF(G25=G$4,1,0)+IF(H25=H$4,1,0)+IF(I25=I$4,1,0)+IF(J25=J$4,1,0)+IF(K25=K$4,1,0)+IF(L25=L$4,1,0)+IF(M25=M$4,1,0)+IF(N25=N$4,1,0)+IF(O25=O$4,1,0)+IF(P25=P$4,1,0)+IF(Q25=Q$4,1,0)+IF(R25=R$4,1,0)+IF(S25=S$4,1,0)+IF(T25=T$4,1,0)+IF(U25=U$4,1,0)+IF(V25=V$4,1,0)
X27: =RANK(W27, W$27:W$46, 0) + COUNTIF(W$27:W27, W27) - 1
A28: NO | B28: NAMA SISWA | C28: S1 | D28: S2 | E28: S3 | F28: S4 | G28: S5 | H28: S6 | I28: S7 | J28: S8 | K28: S9 | L28: S10 | M28: S11 | N28: S12 | O28: S13 | P28: S14 | Q28: S15 | R28: S16 | S28: S17 | T28: S18 | U28: S19 | V28: S20 | W28: SKOR | X28: =RANK(W28, W$27:W$46, 0) + COUNTIF(W$27:W28, W28) - 1
A29: 1 | B29: Siswa 1 | C29: =IF('Data Jawaban & Skor'!C6='Data Jawaban & Skor'!C$4,1,0) | D29: =IF('Data Jawaban & Skor'!D6='Data Jawaban & Skor'!D$4,1,0) | E29: =IF('Data Jawaban & Skor'!E6='Data Jawaban & Skor'!E$4,1,0) | F29: =IF('Data Jawaban & Skor'!F6='Data Jawaban & Skor'!F$4,1,0) | G29: =IF('Data Jawaban & Skor'!G6='Data Jawaban & Skor'!G$4,1,0) | H29: =IF('Data Jawaban & Skor'!H6='Data Jawaban & Skor'!H$4,1,0) | I29: =IF('Data Jawaban & Skor'!I6='Data Jawaban & Skor'!I$4,1,0) | J29: =IF('Data Jawaban & Skor'!J6='Data Jawaban & Skor'!J$4,1,0) | ... V29: =IF('Data Jawaban & Skor'!V6='Data Jawaban & Skor'!V$4,1,0) | W29: =SUM(C29:V29) | X29: =RANK(W29, W$27:W$46, 0) + COUNTIF(W$27:W29, W29) - 1
A30: 2 | B30: Siswa 2 | C30: =IF('Data Jawaban & Skor'!C7='Data Jawaban & Skor'!C$4,1,0) | D30: =IF('Data Jawaban & Skor'!D7='Data Jawaban & Skor'!D$4,1,0) | E30: =IF('Data Jawaban & Skor'!E7='Data Jawaban & Skor'!E$4,1,0) | F30: =IF('Data Jawaban & Skor'!F7='Data Jawaban & Skor'!F$4,1,0) | G30: =IF('Data Jawaban & Skor'!G7='Data Jawaban & Skor'!G$4,1,0) | H30: =IF('Data Jawaban & Skor'!H7='Data Jawaban & Skor'!H$4,1,0) | I30: =IF('Data Jawaban & Skor'!I7='Data Jawaban & Skor'!I$4,1,0) | J30: =IF('Data Jawaban & Skor'!J7='Data Jawaban & Skor'!J$4,1,0) | ... V30: =IF('Data Jawaban & Skor'!V7='Data Jawaban & Skor'!V$4,1,0) | W30: =SUM(C30:V30) | X30: =RANK(W30, W$27:W$46, 0) + COUNTIF(W$27:W30, W30) - 1
A31: 3 | B31: Siswa 3 | C31: =IF('Data Jawaban & Skor'!C8='Data Jawaban & Skor'!C$4,1,0) | D31: =IF('Data Jawaban & Skor'!D8='Data Jawaban & Skor'!D$4,1,0) | E31: =IF('Data Jawaban & Skor'!E8='Data Jawaban & Skor'!E$4,1,0) | F31: =IF('Data Jawaban & Skor'!F8='Data Jawaban & Skor'!F$4,1,0) | G31: =IF('Data Jawaban & Skor'!G8='Data Jawaban & Skor'!G$4,1,0) | H31: =IF('Data Jawaban & Skor'!H8='Data Jawaban & Skor'!H$4,1,0) | I31: =IF('Data Jawaban & Skor'!I8='Data Jawaban & Skor'!I$4,1,0) | J31: =IF('Data Jawaban & Skor'!J8='Data Jawaban & Skor'!J$4,1,0) | ... V31: =IF('Data Jawaban & Skor'!V8='Data Jawaban & Skor'!V$4,1,0) | W31: =SUM(C31:V31) | X31: =RANK(W31, W$27:W$46, 0) + COUNTIF(W$27:W31, W31) - 1
A32: 4 | B32: Siswa 4 | C32: =IF('Data Jawaban & Skor'!C9='Data Jawaban & Skor'!C$4,1,0) | D32: =IF('Data Jawaban & Skor'!D9='Data Jawaban & Skor'!D$4,1,0) | E32: =IF('Data Jawaban & Skor'!E9='Data Jawaban & Skor'!E$4,1,0) | F32: =IF('Data Jawaban & Skor'!F9='Data Jawaban & Skor'!F$4,1,0) | G32: =IF('Data Jawaban & Skor'!G9='Data Jawaban & Skor'!G$4,1,0) | H32: =IF('Data Jawaban & Skor'!H9='Data Jawaban & Skor'!H$4,1,0) | I32: =IF('Data Jawaban & Skor'!I9='Data Jawaban & Skor'!I$4,1,0) | J32: =IF('Data Jawaban & Skor'!J9='Data Jawaban & Skor'!J$4,1,0) | ... V32: =IF('Data Jawaban & Skor'!V9='Data Jawaban & Skor'!V$4,1,0) | W32: =SUM(C32:V32) | X32: =RANK(W32, W$27:W$46, 0) + COUNTIF(W$27:W32, W32) - 1
A33: 5 | B33: Siswa 5 | C33: =IF('Data Jawaban & Skor'!C10='Data Jawaban & Skor'!C$4,1,0) | D33: =IF('Data Jawaban & Skor'!D10='Data Jawaban & Skor'!D$4,1,0) | E33: =IF('Data Jawaban & Skor'!E10='Data Jawaban & Skor'!E$4,1,0) | F33: =IF('Data Jawaban & Skor'!F10='Data Jawaban & Skor'!F$4,1,0) | G33: =IF('Data Jawaban & Skor'!G10='Data Jawaban & Skor'!G$4,1,0) | H33: =IF('Data Jawaban & Skor'!H10='Data Jawaban & Skor'!H$4,1,0) | I33: =IF('Data Jawaban & Skor'!I10='Data Jawaban & Skor'!I$4,1,0) | J33: =IF('Data Jawaban & Skor'!J10='Data Jawaban & Skor'!J$4,1,0) | ... V33: =IF('Data Jawaban & Skor'!V10='Data Jawaban & Skor'!V$4,1,0) | W33: =SUM(C33:V33) | X33: =RANK(W33, W$27:W$46, 0) + COUNTIF(W$27:W33, W33) - 1
A34: 6 | B34: Siswa 6 | C34: =IF('Data Jawaban & Skor'!C11='Data Jawaban & Skor'!C$4,1,0) | D34: =IF('Data Jawaban & Skor'!D11='Data Jawaban & Skor'!D$4,1,0) | E34: =IF('Data Jawaban & Skor'!E11='Data Jawaban & Skor'!E$4,1,0) | F34: =IF('Data Jawaban & Skor'!F11='Data Jawaban & Skor'!F$4,1,0) | G34: =IF('Data Jawaban & Skor'!G11='Data Jawaban & Skor'!G$4,1,0) | H34: =IF('Data Jawaban & Skor'!H11='Data Jawaban & Skor'!H$4,1,0) | I34: =IF('Data Jawaban & Skor'!I11='Data Jawaban & Skor'!I$4,1,0) | J34: =IF('Data Jawaban & Skor'!J11='Data Jawaban & Skor'!J$4,1,0) | ... V34: =IF('Data Jawaban & Skor'!V11='Data Jawaban & Skor'!V$4,1,0) | W34: =SUM(C34:V34) | X34: =RANK(W34, W$27:W$46, 0) + COUNTIF(W$27:W34, W34) - 1
A35: 7 | B35: Siswa 7 | C35: =IF('Data Jawaban & Skor'!C12='Data Jawaban & Skor'!C$4,1,0) | D35: =IF('Data Jawaban & Skor'!D12='Data Jawaban & Skor'!D$4,1,0) | E35: =IF('Data Jawaban & Skor'!E12='Data Jawaban & Skor'!E$4,1,0) | F35: =IF('Data Jawaban & Skor'!F12='Data Jawaban & Skor'!F$4,1,0) | G35: =IF('Data Jawaban & Skor'!G12='Data Jawaban & Skor'!G$4,1,0) | H35: =IF('Data Jawaban & Skor'!H12='Data Jawaban & Skor'!H$4,1,0) | I35: =IF('Data Jawaban & Skor'!I12='Data Jawaban & Skor'!I$4,1,0) | J35: =IF('Data Jawaban & Skor'!J12='Data Jawaban & Skor'!J$4,1,0) | ... V35: =IF('Data Jawaban & Skor'!V12='Data Jawaban & Skor'!V$4,1,0) | W35: =SUM(C35:V35) | X35: =RANK(W35, W$27:W$46, 0) + COUNTIF(W$27:W35, W35) - 1
A36: 8 | B36: Siswa 8 | C36: =IF('Data Jawaban & Skor'!C13='Data Jawaban & Skor'!C$4,1,0) | D36: =IF('Data Jawaban & Skor'!D13='Data Jawaban & Skor'!D$4,1,0) | E36: =IF('Data Jawaban & Skor'!E13='Data Jawaban & Skor'!E$4,1,0) | F36: =IF('Data Jawaban & Skor'!F13='Data Jawaban & Skor'!F$4,1,0) | G36: =IF('Data Jawaban & Skor'!G13='Data Jawaban & Skor'!G$4,1,0) | H36: =IF('Data Jawaban & Skor'!H13='Data Jawaban & Skor'!H$4,1,0) | I36: =IF('Data Jawaban & Skor'!I13='Data Jawaban & Skor'!I$4,1,0) | J36: =IF('Data Jawaban & Skor'!J13='Data Jawaban & Skor'!J$4,1,0) | ... V36: =IF('Data Jawaban & Skor'!V13='Data Jawaban & Skor'!V$4,1,0) | W36: =SUM(C36:V36) | X36: =RANK(W36, W$27:W$46, 0) + COUNTIF(W$27:W36, W36) - 1
A37: 9 | B37: Siswa 9 | C37: =IF('Data Jawaban & Skor'!C14='Data Jawaban & Skor'!C$4,1,0) | D37: =IF('Data Jawaban & Skor'!D14='Data Jawaban & Skor'!D$4,1,0) | E37: =IF('Data Jawaban & Skor'!E14='Data Jawaban & Skor'!E$4,1,0) | F37: =IF('Data Jawaban & Skor'!F14='Data Jawaban & Skor'!F$4,1,0) | G37: =IF('Data Jawaban & Skor'!G14='Data Jawaban & Skor'!G$4,1,0) | H37: =IF('Data Jawaban & Skor'!H14='Data Jawaban & Skor'!H$4,1,0) | I37: =IF('Data Jawaban & Skor'!I14='Data Jawaban & Skor'!I$4,1,0) | J37: =IF('Data Jawaban & Skor'!J14='Data Jawaban & Skor'!J$4,1,0) | ... V37: =IF('Data Jawaban & Skor'!V14='Data Jawaban & Skor'!V$4,1,0) | W37: =SUM(C37:V37) | X37: =RANK(W37, W$27:W$46, 0) + COUNTIF(W$27:W37, W37) - 1
A38: 10 | B38: Siswa 10 | C38: =IF('Data Jawaban & Skor'!C15='Data Jawaban & Skor'!C$4,1,0) | D38: =IF('Data Jawaban & Skor'!D15='Data Jawaban & Skor'!D$4,1,0) | E38: =IF('Data Jawaban & Skor'!E15='Data Jawaban & Skor'!E$4,1,0) | F38: =IF('Data Jawaban & Skor'!F15='Data Jawaban & Skor'!F$4,1,0) | G38: =IF('Data Jawaban & Skor'!G15='Data Jawaban & Skor'!G$4,1,0) | H38: =IF('Data Jawaban & Skor'!H15='Data Jawaban & Skor'!H$4,1,0) | I38: =IF('Data Jawaban & Skor'!I15='Data Jawaban & Skor'!I$4,1,0) | J38: =IF('Data Jawaban & Skor'!J15='Data Jawaban & Skor'!J$4,1,0) | ... V38: =IF('Data Jawaban & Skor'!V15='Data Jawaban & Skor'!V$4,1,0) | W38: =SUM(C38:V38) | X38: =RANK(W38, W$27:W$46, 0) + COUNTIF(W$27:W38, W38) - 1
A39: 11 | B39: Siswa 11 | C39: =IF('Data Jawaban & Skor'!C16='Data Jawaban & Skor'!C$4,1,0) | D39: =IF('Data Jawaban & Skor'!D16='Data Jawaban & Skor'!D$4,1,0) | E39: =IF('Data Jawaban & Skor'!E16='Data Jawaban & Skor'!E$4,1,0) | F39: =IF('Data Jawaban & Skor'!F16='Data Jawaban & Skor'!F$4,1,0) | G39: =IF('Data Jawaban & Skor'!G16='Data Jawaban & Skor'!G$4,1,0) | H39: =IF('Data Jawaban & Skor'!H16='Data Jawaban & Skor'!H$4,1,0) | I39: =IF('Data Jawaban & Skor'!I16='Data Jawaban & Skor'!I$4,1,0) | J39: =IF('Data Jawaban & Skor'!J16='Data Jawaban & Skor'!J$4,1,0) | ... V39: =IF('Data Jawaban & Skor'!V16='Data Jawaban & Skor'!V$4,1,0) | W39: =SUM(C39:V39) | X39: =RANK(W39, W$27:W$46, 0) + COUNTIF(W$27:W39, W39) - 1
A40: 12 | B40: Siswa 12 | C40: =IF('Data Jawaban & Skor'!C17='Data Jawaban & Skor'!C$4,1,0) | D40: =IF('Data Jawaban & Skor'!D17='Data Jawaban & Skor'!D$4,1,0) | E40: =IF('Data Jawaban & Skor'!E17='Data Jawaban & Skor'!E$4,1,0) | F40: =IF('Data Jawaban & Skor'!F17='Data Jawaban & Skor'!F$4,1,0) | G40: =IF('Data Jawaban & Skor'!G17='Data Jawaban & Skor'!G$4,1,0) | H40: =IF('Data Jawaban & Skor'!H17='Data Jawaban & Skor'!H$4,1,0) | I40: =IF('Data Jawaban & Skor'!I17='Data Jawaban & Skor'!I$4,1,0) | J40: =IF('Data Jawaban & Skor'!J17='Data Jawaban & Skor'!J$4,1,0) | ... V40: =IF('Data Jawaban & Skor'!V17='Data Jawaban & Skor'!V$4,1,0) | W40: =SUM(C40:V40) | X40: =RANK(W40, W$27:W$46, 0) + COUNTIF(W$27:W40, W40) - 1
... A46: 18 | B46: Siswa 18 | C46: =IF('Data Jawaban & Skor'!C23='Data Jawaban & Skor'!C$4,1,0) | D46: =IF('Data Jawaban & Skor'!D23='Data Jawaban & Skor'!D$4,1,0) | E46: =IF('Data Jawaban & Skor'!E23='Data Jawaban & Skor'!E$4,1,0) | F46: =IF('Data Jawaban & Skor'!F23='Data Jawaban & Skor'!F$4,1,0) | G46: =IF('Data Jawaban & Skor'!G23='Data Jawaban & Skor'!G$4,1,0) | H46: =IF('Data Jawaban & Skor'!H23='Data Jawaban & Skor'!H$4,1,0) | I46: =IF('Data Jawaban & Skor'!I23='Data Jawaban & Skor'!I$4,1,0) | J46: =IF('Data Jawaban & Skor'!J23='Data Jawaban & Skor'!J$4,1,0) | ... V46: =IF('Data Jawaban & Skor'!V23='Data Jawaban & Skor'!V$4,1,0) | W46: =SUM(C46:V46) | X46: =RANK(W46, W$27:W$46, 0) + COUNTIF(W$27:W46, W46) - 1
A47: 19 | B47: Siswa 19 | C47: =IF('Data Jawaban & Skor'!C24='Data Jawaban & Skor'!C$4,1,0) | D47: =IF('Data Jawaban & Skor'!D24='Data Jawaban & Skor'!D$4,1,0) | E47: =IF('Data Jawaban & Skor'!E24='Data Jawaban & Skor'!E$4,1,0) | F47: =IF('Data Jawaban & Skor'!F24='Data Jawaban & Skor'!F$4,1,0) | G47: =IF('Data Jawaban & Skor'!G24='Data Jawaban & Skor'!G$4,1,0) | H47: =IF('Data Jawaban & Skor'!H24='Data Jawaban & Skor'!H$4,1,0) | I47: =IF('Data Jawaban & Skor'!I24='Data Jawaban & Skor'!I$4,1,0) | J47: =IF('Data Jawaban & Skor'!J24='Data Jawaban & Skor'!J$4,1,0) | ... V47: =IF('Data Jawaban & Skor'!V24='Data Jawaban & Skor'!V$4,1,0) | W47: =SUM(C47:V47)
A48: 20 | B48: Siswa 20 | C48: =IF('Data Jawaban & Skor'!C25='Data Jawaban & Skor'!C$4,1,0) | D48: =IF('Data Jawaban & Skor'!D25='Data Jawaban & Skor'!D$4,1,0) | E48: =IF('Data Jawaban & Skor'!E25='Data Jawaban & Skor'!E$4,1,0) | F48: =IF('Data Jawaban & Skor'!F25='Data Jawaban & Skor'!F$4,1,0) | G48: =IF('Data Jawaban & Skor'!G25='Data Jawaban & Skor'!G$4,1,0) | H48: =IF('Data Jawaban & Skor'!H25='Data Jawaban & Skor'!H$4,1,0) | I48: =IF('Data Jawaban & Skor'!I25='Data Jawaban & Skor'!I$4,1,0) | J48: =IF('Data Jawaban & Skor'!J25='Data Jawaban & Skor'!J$4,1,0) | ... V48: =IF('Data Jawaban & Skor'!V25='Data Jawaban & Skor'!V$4,1,0) | W48: =SUM(C48:V48)

Sheet Analisis Butir Soal
A1: HASIL ANALISIS VALIDITAS, DAYA PEMBEDA, DAN TINGKAT KESUKARAN
A2: Analisis Berdasarkan Data Evaluasi 20 Peserta Didik
A4: NOMOR SOAL | B4: JML BENAR | C4: TINGKAT KESUKARAN (P) | D4: KATEGORI KESUKARAN | E4: KORELASI (R-HITUNG) | F4: R-TABEL (5%) | G4: N | H4: STATUS VALIDITAS | I4: BENAR ATAS (JA) | J4: BENAR BAWAH (JB) | K4: DAYA PEMBEDA (D) | L4: KATEGORI DAYA PEMBEDA
A5: Soal 1 | B5: =SUM('Data Jawaban & Skor'!C$27:C$46) | C5: =B5/20 | D5: =IF(C5<0.3, "Sukar", IF(C5<=0.7, "Sedang", "Mudah")) | E5: =PEARSON('Data Jawaban & Skor'!C$27:C$46, 'Data Jawaban & Skor'!W$27:W$46) | F5: 0.444 | G5: 20 | H5: =IF(E5>F5, "Valid", "Tidak Valid") | I5: =SUMIFS('Data Jawaban & Skor'!C$27:C$46, 'Data Jawaban & Skor'!X$27:X$46, "<=6") | J5: =SUMIFS('Data Jawaban & Skor'!C$27:C$46, 'Data Jawaban & Skor'!X$27:X$46, ">=15") | K5: =(I5-J5)/6 | L5: =IF(K5<0.2, "Jelek", IF(K5<0.4, "Cukup", IF(K5<0.7, "Baik", "Sangat Baik")))
A6: Soal 2 | B6: =SUM('Data Jawaban & Skor'!D$27:D$46) | C6: =B6/20 | D6: =IF(C6<0.3, "Sukar", IF(C6<=0.7, "Sedang", "Mudah")) | E6: =PEARSON('Data Jawaban & Skor'!D$27:D$46, 'Data Jawaban & Skor'!W$27:W$46) | F6: 0.444 | G6: 20 | H6: =IF(E6>F6, "Valid", "Tidak Valid") | I6: =SUMIFS('Data Jawaban & Skor'!D$27:D$46, 'Data Jawaban & Skor'!X$27:X$46, "<=6") | J6: =SUMIFS('Data Jawaban & Skor'!D$27:D$46, 'Data Jawaban & Skor'!X$27:X$46, ">=15") | K6: =(I6-J6)/6 | L6: =IF(K6<0.2, "Jelek", IF(K6<0.4, "Cukup", IF(K6<0.7, "Baik", "Sangat Baik")))
A7: Soal 3 | B7: =SUM('Data Jawaban & Skor'!E$27:E$46) | C7: =B7/20 | D7: =IF(C7<0.3, "Sukar", IF(C7<=0.7, "Sedang", "Mudah")) | E7: =PEARSON('Data Jawaban & Skor'!E$27:E$46, 'Data Jawaban & Skor'!W$27:W$46) | F7: 0.444 | G7: 20 | H7: =IF(E7>F7, "Valid", "Tidak Valid") | I7: =SUMIFS('Data Jawaban & Skor'!E$27:E$46, 'Data Jawaban & Skor'!X$27:X$46, "<=6") | J7: =SUMIFS('Data Jawaban & Skor'!E$27:E$46, 'Data Jawaban & Skor'!X$27:X$46, ">=15") | K7: =(I7-J7)/6 | L7: =IF(K7<0.2, "Jelek", IF(K7<0.4, "Cukup", IF(K7<0.7, "Baik", "Sangat Baik")))
A8: Soal 4 | B8: =SUM('Data Jawaban & Skor'!F$27:F$46) | C8: =B8/20 | D8: =IF(C8<0.3, "Sukar", IF(C8<=0.7, "Sedang", "Mudah")) | E8: =PEARSON('Data Jawaban & Skor'!F$27:F$46, 'Data Jawaban & Skor'!W$27:W$46) | F8: 0.444 | G8: 20 | H8: =IF(E8>F8, "Valid", "Tidak Valid") | I8: =SUMIFS('Data Jawaban & Skor'!F$27:F$46, 'Data Jawaban & Skor'!X$27:X$46, "<=6") | J8: =SUMIFS('Data Jawaban & Skor'!F$27:F$46, 'Data Jawaban & Skor'!X$27:X$46, ">=15") | K8: =(I8-J8)/6 | L8: =IF(K8<0.2, "Jelek", IF(K8<0.4, "Cukup", IF(K8<0.7, "Baik", "Sangat Baik")))
A9: Soal 5 | B9: =SUM('Data Jawaban & Skor'!G$27:G$46) | C9: =B9/20 | D9: =IF(C9<0.3, "Sukar", IF(C9<=0.7, "Sedang", "Mudah")) | E9: =PEARSON('Data Jawaban & Skor'!G$27:G$46, 'Data Jawaban & Skor'!W$27:W$46) | F9: 0.444 | G9: 20 | H9: =IF(E9>F9, "Valid", "Tidak Valid") | I9: =SUMIFS('Data Jawaban & Skor'!G$27:G$46, 'Data Jawaban & Skor'!X$27:X$46, "<=6") | J9: =SUMIFS('Data Jawaban & Skor'!G$27:G$46, 'Data Jawaban & Skor'!X$27:X$46, ">=15") | K9: =(I9-J9)/6 | L9: =IF(K9<0.2, "Jelek", IF(K9<0.4, "Cukup", IF(K9<0.7, "Baik", "Sangat Baik")))
A10: Soal 6 | B10: =SUM('Data Jawaban & Skor'!H$27:H$46) | C10: =B10/20 | D10: =IF(C10<0.3, "Sukar", IF(C10<=0.7, "Sedang", "Mudah")) | E10: =PEARSON('Data Jawaban & Skor'!H$27:H$46, 'Data Jawaban & Skor'!W$27:W$46) | F10: 0.444 | G10: 20 | H10: =IF(E10>F10, "Valid", "Tidak Valid") | I10: =SUMIFS('Data Jawaban & Skor'!H$27:H$46, 'Data Jawaban & Skor'!X$27:X$46, "<=6") | J10: =SUMIFS('Data Jawaban & Skor'!H$27:H$46, 'Data Jawaban & Skor'!X$27:X$46, ">=15") | K10: =(I10-J10)/6 | L10: =IF(K10<0.2, "Jelek", IF(K10<0.4, "Cukup", IF(K10<0.7, "Baik", "Sangat Baik")))
A11: Soal 7 | B11: =SUM('Data Jawaban & Skor'!I$27:I$46) | C11: =B11/20 | D11: =IF(C11<0.3, "Sukar", IF(C11<=0.7, "Sedang", "Mudah")) | E11: =PEARSON('Data Jawaban & Skor'!I$27:I$46, 'Data Jawaban & Skor'!W$27:W$46) | F11: 0.444 | G11: 20 | H11: =IF(E11>F11, "Valid", "Tidak Valid") | I11: =SUMIFS('Data Jawaban & Skor'!I$27:I$46, 'Data Jawaban & Skor'!X$27:X$46, "<=6") | J11: =SUMIFS('Data Jawaban & Skor'!I$27:I$46, 'Data Jawaban & Skor'!X$27:X$46, ">=15") | K11: =(I11-J11)/6 | L11: =IF(K11<0.2, "Jelek", IF(K11<0.4, "Cukup", IF(K11<0.7, "Baik", "Sangat Baik")))
A12: Soal 8 | B12: =SUM('Data Jawaban & Skor'!J$27:J$46) | C12: =B12/20 | D12: =IF(C12<0.3, "Sukar", IF(C12<=0.7, "Sedang", "Mudah")) | E12: =PEARSON('Data Jawaban & Skor'!J$27:J$46, 'Data Jawaban & Skor'!W$27:W$46) | F12: 0.444 | G12: 20 | H12: =IF(E12>F12, "Valid", "Tidak Valid") | I12: =SUMIFS('Data Jawaban & Skor'!J$27:J$46, 'Data Jawaban & Skor'!X$27:X$46, "<=6") | J12: =SUMIFS('Data Jawaban & Skor'!J$27:J$46, 'Data Jawaban & Skor'!X$27:X$46, ">=15") | K12: =(I12-J12)/6 | L12: =IF(K12<0.2, "Jelek", IF(K12<0.4, "Cukup", IF(K12<0.7, "Baik", "Sangat Baik")))
A13: Soal 9 | B13: =SUM('Data Jawaban & Skor'!K$27:K$46) | C13: =B13/20 | D13: =IF(C13<0.3, "Sukar", IF(C13<=0.7, "Sedang", "Mudah")) | E13: =PEARSON('Data Jawaban & Skor'!K$27:K$46, 'Data Jawaban & Skor'!W$27:W$46) | F13: 0.444 | G13: 20 | H13: =IF(E13>F13, "Valid", "Tidak Valid") | I13: =SUMIFS('Data Jawaban & Skor'!K$27:K$46, 'Data Jawaban & Skor'!X$27:X$46, "<=6") | J13: =SUMIFS('Data Jawaban & Skor'!K$27:K$46, 'Data Jawaban & Skor'!X$27:X$46, ">=15") | K13: =(I13-J13)/6 | L13: =IF(K13<0.2, "Jelek", IF(K13<0.4, "Cukup", IF(K13<0.7, "Baik", "Sangat Baik")))
A14: Soal 10 | B14: =SUM('Data Jawaban & Skor'!L$27:L$46) | C14: =B14/20 | D14: =IF(C14<0.3, "Sukar", IF(C14<=0.7, "Sedang", "Mudah")) | E14: =PEARSON('Data Jawaban & Skor'!L$27:L$46, 'Data Jawaban & Skor'!W$27:W$46) | F14: 0.444 | G14: 20 | H14: =IF(E14>F14, "Valid", "Tidak Valid") | I14: =SUMIFS('Data Jawaban & Skor'!L$27:L$46, 'Data Jawaban & Skor'!X$27:X$46, "<=6") | J14: =SUMIFS('Data Jawaban & Skor'!L$27:L$46, 'Data Jawaban & Skor'!X$27:X$46, ">=15") | K14: =(I14-J14)/6 | L14: =IF(K14<0.2, "Jelek", IF(K14<0.4, "Cukup", IF(K14<0.7, "Baik", "Sangat Baik")))
A15: Soal 11 | B15: =SUM('Data Jawaban & Skor'!M$27:M$46) | C15: =B15/20 | D15: =IF(C15<0.3, "Sukar", IF(C15<=0.7, "Sedang", "Mudah")) | E15: =PEARSON('Data Jawaban & Skor'!M$27:M$46, 'Data Jawaban & Skor'!W$27:W$46) | F15: 0.444 | G15: 20 | H15: =IF(E15>F15, "Valid", "Tidak Valid") | I15: =SUMIFS('Data Jawaban & Skor'!M$27:M$46, 'Data Jawaban & Skor'!X$27:X$46, "<=6") | J15: =SUMIFS('Data Jawaban & Skor'!M$27:M$46, 'Data Jawaban & Skor'!X$27:X$46, ">=15") | K15: =(I15-J15)/6 | L15: =IF(K15<0.2, "Jelek", IF(K15<0.4, "Cukup", IF(K15<0.7, "Baik", "Sangat Baik")))
A16: Soal 12 | B16: =SUM('Data Jawaban & Skor'!N$27:N$46) | C16: =B16/20 | D16: =IF(C16<0.3, "Sukar", IF(C16<=0.7, "Sedang", "Mudah")) | E16: =PEARSON('Data Jawaban & Skor'!N$27:N$46, 'Data Jawaban & Skor'!W$27:W$46) | F16: 0.444 | G16: 20 | H16: =IF(E16>F16, "Valid", "Tidak Valid") | I16: =SUMIFS('Data Jawaban & Skor'!N$27:N$46, 'Data Jawaban & Skor'!X$27:X$46, "<=6") | J16: =SUMIFS('Data Jawaban & Skor'!N$27:N$46, 'Data Jawaban & Skor'!X$27:X$46, ">=15") | K16: =(I16-J16)/6 | L16: =IF(K16<0.2, "Jelek", IF(K16<0.4, "Cukup", IF(K16<0.7, "Baik", "Sangat Baik")))
A17: Soal 13 | B17: =SUM('Data Jawaban & Skor'!O$27:O$46) | C17: =B17/20 | D17: =IF(C17<0.3, "Sukar", IF(C17<=0.7, "Sedang", "Mudah")) | E17: =PEARSON('Data Jawaban & Skor'!O$27:O$46, 'Data Jawaban & Skor'!W$27:W$46) | F17: 0.444 | G17: 20 | H17: =IF(E17>F17, "Valid", "Tidak Valid") | I17: =SUMIFS('Data Jawaban & Skor'!O$27:O$46, 'Data Jawaban & Skor'!X$27:X$46, "<=6") | J17: =SUMIFS('Data Jawaban & Skor'!O$27:O$46, 'Data Jawaban & Skor'!X$27:X$46, ">=15") | K17: =(I17-J17)/6 | L17: =IF(K17<0.2, "Jelek", IF(K17<0.4, "Cukup", IF(K17<0.7, "Baik", "Sangat Baik")))
A18: Soal 14 | B18: =SUM('Data Jawaban & Skor'!P$27:P$46) | C18: =B18/20 | D18: =IF(C18<0.3, "Sukar", IF(C18<=0.7, "Sedang", "Mudah")) | E18: =PEARSON('Data Jawaban & Skor'!P$27:P$46, 'Data Jawaban & Skor'!W$27:W$46) | F18: 0.444 | G18: 20 | H18: =IF(E18>F18, "Valid", "Tidak Valid") | I18: =SUMIFS('Data Jawaban & Skor'!P$27:P$46, 'Data Jawaban & Skor'!X$27:X$46, "<=6") | J18: =SUMIFS('Data Jawaban & Skor'!P$27:P$46, 'Data Jawaban & Skor'!X$27:X$46, ">=15") | K18: =(I18-J18)/6 | L18: =IF(K18<0.2, "Jelek", IF(K18<0.4, "Cukup", IF(K18<0.7, "Baik", "Sangat Baik")))
A19: Soal 15 | B19: =SUM('Data Jawaban & Skor'!Q$27:Q$46) | C19: =B19/20 | D19: =IF(C19<0.3, "Sukar", IF(C19<=0.7, "Sedang", "Mudah")) | E19: =PEARSON('Data Jawaban & Skor'!Q$27:Q$46, 'Data Jawaban & Skor'!W$27:W$46) | F19: 0.444 | G19: 20 | H19: =IF(E19>F19, "Valid", "Tidak Valid") | I19: =SUMIFS('Data Jawaban & Skor'!Q$27:Q$46, 'Data Jawaban & Skor'!X$27:X$46, "<=6") | J19: =SUMIFS('Data Jawaban & Skor'!Q$27:Q$46, 'Data Jawaban & Skor'!X$27:X$46, ">=15") | K19: =(I19-J19)/6 | L19: =IF(K19<0.2, "Jelek", IF(K19<0.4, "Cukup", IF(K19<0.7, "Baik", "Sangat Baik")))
A20: Soal 16 | B20: =SUM('Data Jawaban & Skor'!R$27:R$46) | C20: =B20/20 | D20: =IF(C20<0.3, "Sukar", IF(C20<=0.7, "Sedang", "Mudah")) | E20: =PEARSON('Data Jawaban & Skor'!R$27:R$46, 'Data Jawaban & Skor'!W$27:W$46) | F20: 0.444 | G20: 20 | H20: =IF(E20>F20, "Valid", "Tidak Valid") | I20: =SUMIFS('Data Jawaban & Skor'!R$27:R$46, 'Data Jawaban & Skor'!X$27:X$46, "<=6") | J20: =SUMIFS('Data Jawaban & Skor'!R$27:R$46, 'Data Jawaban & Skor'!X$27:X$46, ">=15") | K20: =(I20-J20)/6 | L20: =IF(K20<0.2, "Jelek", IF(K20<0.4, "Cukup", IF(K20<0.7, "Baik", "Sangat Baik")))
A21: Soal 17 | B21: =SUM('Data Jawaban & Skor'!S$27:S$46) | C21: =B21/20 | D21: =IF(C21<0.3, "Sukar", IF(C21<=0.7, "Sedang", "Mudah")) | E21: =PEARSON('Data Jawaban & Skor'!S$27:S$46, 'Data Jawaban & Skor'!W$27:W$46) | F21: 0.444 | G21: 20 | H21: =IF(E21>F21, "Valid", "Tidak Valid") | I21: =SUMIFS('Data Jawaban & Skor'!S$27:S$46, 'Data Jawaban & Skor'!X$27:X$46, "<=6") | J21: =SUMIFS('Data Jawaban & Skor'!S$27:S$46, 'Data Jawaban & Skor'!X$27:X$46, ">=15") | K21: =(I21-J21)/6 | L21: =IF(K21<0.2, "Jelek", IF(K21<0.4, "Cukup", IF(K21<0.7, "Baik", "Sangat Baik")))
A22: Soal 18 | B22: =SUM('Data Jawaban & Skor'!T$27:T$46) | C22: =B22/20 | D22: =IF(C22<0.3, "Sukar", IF(C22<=0.7, "Sedang", "Mudah")) | E22: =PEARSON('Data Jawaban & Skor'!T$27:T$46, 'Data Jawaban & Skor'!W$27:W$46) | F22: 0.444 | G22: 20 | H22: =IF(E22>F22, "Valid", "Tidak Valid") | I22: =SUMIFS('Data Jawaban & Skor'!T$27:T$46, 'Data Jawaban & Skor'!X$27:X$46, "<=6") | J22: =SUMIFS('Data Jawaban & Skor'!T$27:T$46, 'Data Jawaban & Skor'!X$27:X$46, ">=15") | K22: =(I22-J22)/6 | L22: =IF(K22<0.2, "Jelek", IF(K22<0.4, "Cukup", IF(K22<0.7, "Baik", "Sangat Baik")))
A23: Soal 19 | B23: =SUM('Data Jawaban & Skor'!U$27:U$46) | C23: =B23/20 | D23: =IF(C23<0.3, "Sukar", IF(C23<=0.7, "Sedang", "Mudah")) | E23: =PEARSON('Data Jawaban & Skor'!U$27:U$46, 'Data Jawaban & Skor'!W$27:W$46) | F23: 0.444 | G23: 20 | H23: =IF(E23>F23, "Valid", "Tidak Valid") | I23: =SUMIFS('Data Jawaban & Skor'!U$27:U$46, 'Data Jawaban & Skor'!X$27:X$46, "<=6") | J23: =SUMIFS('Data Jawaban & Skor'!U$27:U$46, 'Data Jawaban & Skor'!X$27:X$46, ">=15") | K23: =(I23-J23)/6 | L23: =IF(K23<0.2, "Jelek", IF(K23<0.4, "Cukup", IF(K23<0.7, "Baik", "Sangat Baik")))
A24: Soal 20 | B24: =SUM('Data Jawaban & Skor'!V$27:V$46) | C24: =B24/20 | D24: =IF(C24<0.3, "Sukar", IF(C24<=0.7, "Sedang", "Mudah")) | E24: =PEARSON('Data Jawaban & Skor'!V$27:V$46, 'Data Jawaban & Skor'!W$27:W$46) | F24: 0.444 | G24: 20 | H24: =IF(E24>F24, "Valid", "Tidak Valid") | I24: =SUMIFS('Data Jawaban & Skor'!V$27:V$46, 'Data Jawaban & Skor'!X$27:X$46, "<=6") | J24: =SUMIFS('Data Jawaban & Skor'!V$27:V$46, 'Data Jawaban & Skor'!X$27:X$46, ">=15") | K24: =(I24-J24)/6 | L24: =IF(K24<0.2, "Jelek", IF(K24<0.4, "Cukup", IF(K24<0.7, "Baik", "Sangat Baik")))

Sheet Reliabilitas & Ringkasan
A1: ANALISIS RELIABILITAS TES (KR-20)
A3: KOMPONEN KR-20 | B3: NILAI | C3: KETERANGAN | E3: SOAL | F3: p (Kesukaran) | G3: p * q (Varians)
A4: Jumlah Butir Soal (k) | B4: =COUNTA('Analisis Butir Soal'!A5:A24) | C4: Total butir soal yang diuji | E4: Soal 1 | F4: ='Analisis Butir Soal'!C5 | G4: =F4*(1-F4)
A5: Jumlah Varians Butir (∑pq) | B5: =SUM(G4:G23) | E5: Soal 2 | F5: ='Analisis Butir Soal'!C6 | G5: =F5*(1-F5)
A6: Varians Total (S^2) | B6: =VAR.P('Data Jawaban & Skor'!W28:W47) | E6: Soal 3 | F6: ='Analisis Butir Soal'!C7 | G6: =F6*(1-F6)
A7: Koefisien Reliabilitas (r11) | B7: =(B4/(B4-1))*(1-(B5/B6)) | C7: =IF(B7>0.7, "Reliabel (Tinggi)", IF(B7>0.4, "Reliabel (Sedang)", "Tidak Reliabel")) | E7: Soal 4 | F7: ='Analisis Butir Soal'!C8 | G7: =F7*(1-F7)
E8: Soal 5 | F8: ='Analisis Butir Soal'!C9 | G8: =F8*(1-F8)
E9: Soal 6 | F9: ='Analisis Butir Soal'!C10 | G9: =F9*(1-F9)
E10: Soal 7 | F10: ='Analisis Butir Soal'!C11 | G10: =F10*(1-F10)
A11: 1. Validitas Butir Soal | E11: Soal 8 | F11: ='Analisis Butir Soal'!C12 | G11: =F11*(1-F11)
A12: Berfungsi untuk mengukur ketepatan suatu butir soal dalam mengukur apa yang seharusnya diukur. Soal dikatakan valid jika r-hitung > r-tabel. | E12: Soal 9 | F12: ='Analisis Butir Soal'!C13 | G12: =F12*(1-F12)
E13: Soal 10 | F13: ='Analisis Butir Soal'!C14 | G13: =F13*(1-F13)
A14: 2. Daya Pembeda (D) | E14: Soal 11 | F14: ='Analisis Butir Soal'!C15 | G14: =F14*(1-F14)
A15: Berfungsi untuk membedakan antara peserta didik yang berkemampuan tinggi (kelompok atas) dengan peserta didik berkemampuan rendah (kelompok bawah). | E15: Soal 12 | F15: ='Analisis Butir Soal'!C16 | G15: =F15*(1-F15)
E16: Soal 13 | F16: ='Analisis Butir Soal'!C17 | G16: =F16*(1-F16)
A17: 3. Tingkat Kesukaran (P) | E17: Soal 14 | F17: ='Analisis Butir Soal'!C18 | G17: =F17*(1-F17)
A18: Berfungsi untuk mengetahui seberapa besar derajat kesukaran suatu soal (apakah terlalu sukar, sedang, atau mudah) sehingga proporsi soal ideal tercapai. | E18: Soal 15 | F18: ='Analisis Butir Soal'!C19 | G18: =F18*(1-F18)
E19: Soal 16 | F19: ='Analisis Butir Soal'!C20 | G19: =F19*(1-F19)
A20: 4. Reliabilitas Tes | E20: Soal 17 | F20: ='Analisis Butir Soal'!C21 | G20: =F20*(1-F20)
A21: Berfungsi untuk mengetahui tingkat konsistensi atau keajegan alat tes ketika digunakan berulang kali pada kelompok yang sama. Menggunakan rumus KR-20. | E21: Soal 18 | F21: ='Analisis Butir Soal'!C22 | G21: =F21*(1-F21)
E22: Soal 19 | F22: ='Analisis Butir Soal'!C23 | G22: =F22*(1-F22)
E23: Soal 20 | F23: ='Analisis Butir Soal'!C24 | G23: =F23*(1-F23)
A26: PENJELASAN FUNGSI ANALISIS BUTIR SOAL:
